CURSO_ACADEMICO,LOCALIDAD,ESTUDIO,TIPO_ESTUDIO,TIPO_EGRESO,SEXO,ALUMNOS_GRADUADOS,ALUMNOS_INTERRUMPEN_ESTUDIOS,ALUMNOS_INTERRUMPEN_EST_ANO1,ALUMNOS_TRASLADAN_OTRA_UNIV,DURACION_MEDIA_GRADUADOS,TASA_EFICIENCIA,FECHA_ACTUALIZACION 
2018,Cartago,Grado: Arquitectura TÃ©cnica,Grado,Abandono Voluntario,Hombres,8,5,1,0,,,5/1/2020
2018,Cartago,Grado: Arquitectura TÃ©cnica,Grado,Abandono Voluntario,Mujeres,7,2,0,0,,,5/1/2020
2018,Cartago,Grado: Arquitectura TÃ©cnica,Grado,Graduado,Hombres,10,0,0,0,6.5,71.64,5/1/2020
2018,Cartago,Grado: Arquitectura TÃ©cnica,Grado,Graduado,Mujeres,6,0,0,0,6.75,72.08,5/1/2020
2018,Cartago,Grado: IngenierÃ­a Civil,Grado,Abandono Voluntario,Hombres,3,13,1,0,,,5/1/2020
2018,Cartago,Grado: IngenierÃ­a Civil,Grado,Abandono Voluntario,Mujeres,1,3,0,0,,,5/1/2020
2018,Cartago,Grado: IngenierÃ­a Civil,Grado,Cambio de estudios sin simultaneidad,Mujeres,3,1,0,0,,,5/1/2020
2018,Cartago,Grado: IngenierÃ­a Civil,Grado,Graduado,Hombres,7,0,0,0,6,83.28,5/1/2020
2018,Cartago,Grado: IngenierÃ­a Civil,Grado,Graduado,Mujeres,2,0,0,0,7,61.74,5/1/2020
2018,Cartago,Grado: IngenierÃ­a de OrganizaciÃ³n Industrial,Grado,Abandono Voluntario,Hombres,4,11,7,0,,,5/1/2020
2018,Cartago,Grado: IngenierÃ­a de OrganizaciÃ³n Industrial,Grado,Abandono Voluntario,Mujeres,4,1,1,0,,,5/1/2020
2018,Cartago,Grado: IngenierÃ­a de OrganizaciÃ³n Industrial,Grado,Cambio de estudios sin simultaneidad,Hombres,3,1,1,0,,,5/1/2020
2019,Cartago,Grado: IngenierÃ­a de OrganizaciÃ³n Industrial,Grado,Graduado,Hombres,17,0,0,0,5,82.87,5/1/2020
2019,Cartago,Grado: IngenierÃ­a de OrganizaciÃ³n Industrial,Grado,Graduado,Mujeres,3,0,0,0,4.5,96.3,5/1/2020
2019,Cartago,Grado: IngenierÃ­a de OrganizaciÃ³n Industrial,Grado,Incumple RÃ©gimen de permanencia,Hombres,0,1,1,0,,,5/1/2020
2019,Cartago,Grado: IngenierÃ­a MecatrÃ³nica,Grado,Abandono Voluntario,Hombres,0,13,5,0,,,5/1/2020
2019,Cartago,Grado: IngenierÃ­a MecatrÃ³nica,Grado,Cambio de estudios sin simultaneidad,Hombres,0,5,5,0,,,5/1/2020
2019,Cartago,Grado: IngenierÃ­a MecatrÃ³nica,Grado,Graduado,Hombres,15,0,0,0,5.07,89.78,5/1/2020
2019,Cartago,Grado: IngenierÃ­a MecatrÃ³nica,Grado,Graduado,Mujeres,3,0,0,0,4,100,5/1/2020
2019,Cartago,Grado: IngenierÃ­a MecatrÃ³nica,Grado,Incumple RÃ©gimen de permanencia,Hombres,0,1,1,0,,,5/1/2020
2017,Heredia,Grado: AdministraciÃ³n y DirecciÃ³n de Empresas,Grado,Abandono Voluntario,Hombres,0,28,6,0,,,5/1/2020
2018,Heredia,Grado: AdministraciÃ³n y DirecciÃ³n de Empresas,Grado,Abandono Voluntario,Mujeres,0,22,3,0,,,5/1/2020
2018,Heredia,Grado: AdministraciÃ³n y DirecciÃ³n de Empresas,Grado,Cambio de estudios sin simultaneidad,Hombres,0,1,0,0,,,5/1/2020
2018,Heredia,Grado: AdministraciÃ³n y DirecciÃ³n de Empresas,Grado,Cambio de estudios sin simultaneidad,Mujeres,0,4,4,0,,,5/1/2020
2018,Heredia,Grado: AdministraciÃ³n y DirecciÃ³n de Empresas,Grado,Graduado,Hombres,23,0,0,0,5.5,77.97,5/1/2020
2018,Heredia,Grado: AdministraciÃ³n y DirecciÃ³n de Empresas,Grado,Graduado,Mujeres,8,0,0,0,4.67,92.43,5/1/2020
2018,Heredia,Grado: AdministraciÃ³n y DirecciÃ³n de Empresas,Grado,Incumple RÃ©gimen de permanencia,Hombres,0,4,1,0,,,5/1/2020
2018,Heredia,Grado: AdministraciÃ³n y DirecciÃ³n de Empresas,Grado,Incumple RÃ©gimen de permanencia,Mujeres,0,1,1,0,,,5/1/2020
2018,Heredia,Grado: Ciencias Ambientales,Grado,Abandono Voluntario,Hombres,0,19,6,0,,,5/1/2020
2018,Heredia,Grado: Ciencias Ambientales,Grado,Abandono Voluntario,Mujeres,0,6,2,0,,,5/1/2020
2018,Heredia,Grado: Ciencias Ambientales,Grado,Cambio de estudios sin simultaneidad,Hombres,0,5,5,0,,,5/1/2020
2018,Heredia,Grado: Ciencias Ambientales,Grado,Cambio de estudios sin simultaneidad,Mujeres,0,1,1,0,,,5/1/2020
2018,Heredia,Grado: Ciencias Ambientales,Grado,Graduado,Hombres,18,0,0,0,5.5,84.8,5/1/2020
2018,Heredia,Grado: Ciencias Ambientales,Grado,Graduado,Mujeres,12,0,0,0,5.5,81.1,5/1/2020
2018,Heredia,Grado: Ciencias Ambientales,Grado,Incumple RÃ©gimen de permanencia,Hombres,0,1,1,0,,,5/1/2020
2018,Heredia,Grado: Ciencias Ambientales,Grado,Incumple RÃ©gimen de permanencia,Mujeres,0,1,1,0,,,5/1/2020
2018,Heredia,Grado: Ciencias de la Actividad FÃ­sica y del Deporte,Grado,Abandono Voluntario,Hombres,0,5,2,0,,,5/1/2020
2018,Heredia,Grado: Ciencias de la Actividad FÃ­sica y del Deporte,Grado,Cambio de estudios sin simultaneidad,Hombres,0,1,1,0,,,5/1/2020
2018,Heredia,Grado: Ciencias de la Actividad FÃ­sica y del Deporte,Grado,Graduado,Hombres,43,0,0,0,4.41,93.03,5/1/2020
2018,Heredia,Grado: Ciencias de la Actividad FÃ­sica y del Deporte,Grado,Graduado,Mujeres,9,0,0,0,4.25,95.4,5/1/2020
2018,Heredia,Grado: EnfermerÃ­a,Grado,Abandono Voluntario,Hombres,0,2,1,0,,,5/1/2020
2018,Heredia,Grado: EnfermerÃ­a,Grado,Abandono Voluntario,Mujeres,0,1,0,0,,,5/1/2020
2018,Heredia,Grado: EnfermerÃ­a,Grado,Cambio de estudios sin simultaneidad,Mujeres,0,1,0,0,,,5/1/2020
2018,Heredia,Grado: EnfermerÃ­a,Grado,Graduado,Hombres,8,0,0,0,4.12,95.71,5/1/2020
2018,Heredia,Grado: EnfermerÃ­a,Grado,Graduado,Mujeres,44,0,0,0,4,98.08,5/1/2020
2018,Heredia,Grado: GestiÃ³n y AdministraciÃ³n PÃºblica,Grado,Abandono Voluntario,Hombres,0,7,6,0,,,5/1/2020
2018,Heredia,Grado: GestiÃ³n y AdministraciÃ³n PÃºblica,Grado,Abandono Voluntario,Mujeres,0,8,1,0,,,5/1/2020
2018,Heredia,Grado: GestiÃ³n y AdministraciÃ³n PÃºblica,Grado,Cambio de estudios sin simultaneidad,Hombres,0,1,1,0,,,5/1/2020
2019,Heredia,Grado: GestiÃ³n y AdministraciÃ³n PÃºblica,Grado,Graduado,Hombres,3,0,0,0,8,78.24,5/1/2020
2019,Heredia,Grado: GestiÃ³n y AdministraciÃ³n PÃºblica,Grado,Graduado,Mujeres,3,0,0,0,5,75.32,5/1/2020
2019,Heredia,Grado: GestiÃ³n y AdministraciÃ³n PÃºblica,Grado,Incumple RÃ©gimen de permanencia,Hombres,0,1,1,0,,,5/1/2020
2019,Heredia,Grado: IngenierÃ­a Agroalimentaria y del Medio Rural,Grado,Abandono Voluntario,Hombres,0,12,3,0,,,5/1/2020
2019,Heredia,Grado: IngenierÃ­a Agroalimentaria y del Medio Rural,Grado,Abandono Voluntario,Mujeres,0,4,1,0,,,5/1/2020
2019,Heredia,Grado: IngenierÃ­a Agroalimentaria y del Medio Rural,Grado,Graduado,Hombres,14,0,0,0,5.09,79.32,5/1/2020
2019,Heredia,Grado: IngenierÃ­a Agroalimentaria y del Medio Rural,Grado,Graduado,Mujeres,9,0,0,0,5.67,77.05,5/1/2020
2019,Heredia,Grado: Magisterio en EducaciÃ³n Infantil,Grado,Abandono Voluntario,Hombres,0,6,4,0,,,5/1/2020
2019,Heredia,Grado: Magisterio en EducaciÃ³n Infantil,Grado,Abandono Voluntario,Mujeres,0,19,6,0,,,5/1/2020
2019,Heredia,Grado: Magisterio en EducaciÃ³n Infantil,Grado,Cambio de estudios sin simultaneidad,Mujeres,0,2,2,0,,,5/1/2020
2019,Heredia,Grado: Magisterio en EducaciÃ³n Infantil,Grado,Graduado,Hombres,7,0,0,0,5,84.71,5/1/2020
2019,Heredia,Grado: Magisterio en EducaciÃ³n Infantil,Grado,Graduado,Mujeres,97,0,0,0,4.37,91.64,5/1/2020
2019,Heredia,Grado: Magisterio en EducaciÃ³n Primaria,Grado,Abandono Voluntario,Hombres,0,11,6,0,,,5/1/2020
2019,Heredia,Grado: Magisterio en EducaciÃ³n Primaria,Grado,Abandono Voluntario,Mujeres,0,11,4,0,,,5/1/2020
2019,Heredia,Grado: Magisterio en EducaciÃ³n Primaria,Grado,Cambio de estudios sin simultaneidad,Hombres,0,2,1,0,,,5/1/2020
2019,Heredia,Grado: Magisterio en EducaciÃ³n Primaria,Grado,Cambio de estudios sin simultaneidad,Mujeres,0,2,2,0,,,5/1/2020
2019,Heredia,Grado: Magisterio en EducaciÃ³n Primaria,Grado,Graduado,Hombres,38,0,0,0,4.97,85.03,5/1/2020
2019,Heredia,Grado: Magisterio en EducaciÃ³n Primaria,Grado,Graduado,Mujeres,35,0,0,0,4.81,90.85,5/1/2020
2019,Heredia,Grado: Medicina,Grado,Abandono Voluntario,Hombres,0,2,1,0,,,5/1/2020
2019,Heredia,Grado: Medicina,Grado,Abandono Voluntario,Mujeres,0,1,0,0,,,5/1/2020
2019,Heredia,Grado: Medicina,Grado,Traslado a otra Universidad,Mujeres,0,0,0,3,,,5/1/2020
2019,Heredia,Grado: NutriciÃ³n Humana y DietÃ©tica,Grado,Abandono Voluntario,Hombres,0,2,2,0,,,5/1/2020
2019,Heredia,Grado: NutriciÃ³n Humana y DietÃ©tica,Grado,Abandono Voluntario,Mujeres,0,11,3,0,,,5/1/2020
2019,Heredia,Grado: NutriciÃ³n Humana y DietÃ©tica,Grado,Cambio de estudios sin simultaneidad,Hombres,0,1,1,0,,,5/1/2020
2019,Heredia,Grado: NutriciÃ³n Humana y DietÃ©tica,Grado,Cambio de estudios sin simultaneidad,Mujeres,0,2,2,0,,,5/1/2020
2019,Heredia,Grado: NutriciÃ³n Humana y DietÃ©tica,Grado,Graduado,Hombres,9,0,0,0,4.33,94.72,5/1/2020
2019,Heredia,Grado: NutriciÃ³n Humana y DietÃ©tica,Grado,Graduado,Mujeres,25,0,0,0,4.75,93.07,5/1/2020
2019,Heredia,Grado: NutriciÃ³n Humana y DietÃ©tica,Grado,Traslado a otra Universidad,Mujeres,0,0,0,1,,,5/1/2020
2019,Heredia,Grado: OdontologÃ­a,Grado,Abandono Voluntario,Mujeres,0,1,0,0,,,5/1/2020
2019,Heredia,Grado: OdontologÃ­a,Grado,Cambio de estudios sin simultaneidad,Mujeres,0,2,2,0,,,5/1/2020
2019,Heredia,Grado: OdontologÃ­a,Grado,Graduado,Hombres,8,0,0,0,5.5,98.31,5/1/2020
2019,Heredia,Grado: OdontologÃ­a,Grado,Graduado,Mujeres,28,0,0,0,5.11,99.7,5/1/2020
2019,Heredia,Grado: OdontologÃ­a,Grado,Traslado a otra Universidad,Hombres,0,0,0,2,,,5/1/2020
2019,Heredia,Grado: OdontologÃ­a,Grado,Traslado a otra Universidad,Mujeres,0,0,0,3,,,5/1/2020
2019,Heredia,MÃ¡ster: DirecciÃ³n y planificaciÃ³n del turismo,MÃ¡ster,Abandono Voluntario,Hombres,0,3,1,0,,,5/1/2020
2019,Heredia,MÃ¡ster: DirecciÃ³n y planificaciÃ³n del turismo,MÃ¡ster,Abandono Voluntario,Mujeres,0,7,5,0,,,5/1/2020
2019,Heredia,MÃ¡ster: DirecciÃ³n y planificaciÃ³n del turismo,MÃ¡ster,Graduado,Hombres,2,0,0,0,2.5,75,5/1/2020
2019,Heredia,MÃ¡ster: DirecciÃ³n y planificaciÃ³n del turismo,MÃ¡ster,Graduado,Mujeres,8,0,0,0,2.5,83.77,5/1/2020
2019,Heredia,MÃ¡ster: Estudios Avanzados sobre el Lenguaje,,,,,,,,,,
2019,Heredia,MÃ¡ster: Estudios Avanzados sobre el Lenguaje,,,,,,,,,,
2019,Heredia,MÃ¡ster: Estudios Avanzados sobre el Lenguaje,,,,,,,,,,
2019,Heredia,MÃ¡ster: EvaluaciÃ³n y Entrenamiento FÃ­sico para la Salud,MÃ¡ster,Abandono Voluntario,Hombres,0,1,1,0,,,5/1/2020
2019,Heredia,MÃ¡ster: EvaluaciÃ³n y Entrenamiento FÃ­sico para la Salud,MÃ¡ster,Abandono Voluntario,Mujeres,0,2,2,0,,,5/1/2020
2019,Heredia,MÃ¡ster: EvaluaciÃ³n y Entrenamiento FÃ­sico para la Salud,MÃ¡ster,Graduado,Hombres,8,0,0,0,1,100,5/1/2020
2019,Heredia,MÃ¡ster: EvaluaciÃ³n y Entrenamiento FÃ­sico para la Salud,MÃ¡ster,Graduado,Mujeres,2,0,0,0,1,100,5/1/2020
2019,Heredia,MÃ¡ster: IngenierÃ­a AgronÃ³mica,MÃ¡ster,Graduado,Hombres,4,0,0,0,2.5,89.92,5/1/2020
2019,Heredia,MÃ¡ster: Profesorado E.S.O.,,,,,,,,,,
2019,Heredia,MÃ¡ster: Profesorado E.S.O.,,,,,,,,,,
2017,San José,Grado: AdministraciÃ³n y DirecciÃ³n de Empresas,Grado,Abandono Voluntario,Hombres,0,8,4,0,,,5/1/2020
2017,San José,Grado: AdministraciÃ³n y DirecciÃ³n de Empresas,Grado,Abandono Voluntario,Mujeres,0,4,1,0,,,5/1/2020
2017,San José,Grado: AdministraciÃ³n y DirecciÃ³n de Empresas,Grado,Graduado,Hombres,8,0,0,0,5.57,84.28,5/1/2020
2017,San José,Grado: AdministraciÃ³n y DirecciÃ³n de Empresas,Grado,Graduado,Mujeres,12,0,0,0,5.42,95.7,5/1/2020
2017,San José,Grado: Bellas Artes,Grado,Abandono Voluntario,Hombres,0,7,0,0,,,5/1/2020
2017,San José,Grado: Bellas Artes,Grado,Abandono Voluntario,Mujeres,0,7,2,0,,,5/1/2020
2017,San José,Grado: Bellas Artes,Grado,Graduado,Hombres,3,0,0,0,6.5,72.45,5/1/2020
2017,San José,Grado: Bellas Artes,Grado,Graduado,Mujeres,26,0,0,0,4.55,96.05,5/1/2020
2017,San José,Grado: Bellas Artes,Grado,Traslado a otra Universidad,Mujeres,0,0,0,1,,,5/1/2020
2017,San José,Grado: EnfermerÃ­a,Grado,Abandono Voluntario,Hombres,0,1,0,0,,,5/1/2020
2017,San José,Grado: EnfermerÃ­a,Grado,Abandono Voluntario,Mujeres,0,1,1,0,,,5/1/2020
2017,San José,Grado: EnfermerÃ­a,Grado,Graduado,Hombres,4,0,0,0,4.33,86.75,5/1/2020
2017,San José,Grado: EnfermerÃ­a,Grado,Graduado,Mujeres,12,0,0,0,4.1,98.84,5/1/2020
2017,San José,Grado: EnfermerÃ­a,Grado,Traslado a otra Universidad,Mujeres,0,0,0,2,,,5/1/2020
2017,San José,Grado: IngenierÃ­a ElectrÃ³nica y AutomÃ¡tica,Grado,Abandono Voluntario,Hombres,0,2,0,0,,,5/1/2020
2017,San José,Grado: IngenierÃ­a ElectrÃ³nica y AutomÃ¡tica,Grado,Abandono Voluntario,Mujeres,0,1,0,0,,,5/1/2020
2017,San José,Grado: IngenierÃ­a ElectrÃ³nica y AutomÃ¡tica,Grado,Cambio de estudios sin simultaneidad,Hombres,0,1,0,0,,,5/1/2020
2017,San José,Grado: IngenierÃ­a ElectrÃ³nica y AutomÃ¡tica,Grado,Graduado,Hombres,14,0,0,0,5.5,85.98,5/1/2020
2017,San José,Grado: IngenierÃ­a ElectrÃ³nica y AutomÃ¡tica,Grado,Graduado,Mujeres,3,0,0,0,5.33,84.56,5/1/2020
2017,San José,Grado: IngenierÃ­a ElectrÃ³nica y AutomÃ¡tica,Grado,Incumple RÃ©gimen de permanencia,Hombres,0,1,0,0,,,5/1/2020
2017,San José,Grado: IngenierÃ­a InformÃ¡tica,Grado,Abandono Voluntario,Hombres,0,6,2,0,,,5/1/2020
2017,San José,Grado: IngenierÃ­a InformÃ¡tica,Grado,Cambio de estudios sin simultaneidad,Hombres,0,4,4,0,,,5/1/2020
2017,San José,Grado: IngenierÃ­a InformÃ¡tica,Grado,Graduado,Hombres,6,0,0,0,6,79.5,5/1/2020
2017,San José,Grado: IngenierÃ­a InformÃ¡tica,Grado,Traslado a otra Universidad,Hombres,0,0,0,3,,,5/1/2020
2017,San José,Grado: Magisterio en EducaciÃ³n Infantil,Grado,Abandono Voluntario,Hombres,0,4,1,0,,,5/1/2020
2017,San José,Grado: Magisterio en EducaciÃ³n Infantil,Grado,Abandono Voluntario,Mujeres,0,11,0,0,,,5/1/2020
2017,San José,Grado: Magisterio en EducaciÃ³n Infantil,Grado,Cambio de estudios sin simultaneidad,Mujeres,0,1,1,0,,,5/1/2020
2017,San José,Grado: Magisterio en EducaciÃ³n Infantil,Grado,Graduado,Hombres,3,0,0,0,4.5,88.56,5/1/2020
2017,San José,Grado: Magisterio en EducaciÃ³n Infantil,Grado,Graduado,Mujeres,65,0,0,0,4.52,90.71,5/1/2020
2017,San José,Grado: Magisterio en EducaciÃ³n Infantil,Grado,Traslado a otra Universidad,Hombres,0,0,0,1,,,5/1/2020
2017,San José,Grado: Magisterio en EducaciÃ³n Infantil,Grado,Traslado a otra Universidad,Mujeres,0,0,0,4,,,5/1/2020
2017,San José,Grado: Magisterio en EducaciÃ³n Primaria,Grado,Abandono Voluntario,Hombres,0,15,3,0,,,5/1/2020
2018,San José,Grado: Magisterio en EducaciÃ³n Primaria,Grado,Abandono Voluntario,Mujeres,0,9,4,0,,,5/1/2020
2018,San José,Grado: Magisterio en EducaciÃ³n Primaria,Grado,Cambio de estudios sin simultaneidad,Hombres,0,3,2,0,,,5/1/2020
2018,San José,Grado: Magisterio en EducaciÃ³n Primaria,Grado,Cambio de estudios sin simultaneidad,Mujeres,0,1,1,0,,,5/1/2020
2018,San José,Grado: Magisterio en EducaciÃ³n Primaria,Grado,Graduado,Hombres,19,0,0,0,5.16,86.33,5/1/2020
2018,San José,Grado: Magisterio en EducaciÃ³n Primaria,Grado,Graduado,Mujeres,39,0,0,0,4.44,89.91,5/1/2020
2018,San José,Grado: Magisterio en EducaciÃ³n Primaria,Grado,Incumple RÃ©gimen de permanencia,Hombres,0,2,2,0,,,5/1/2020
2018,San José,Grado: Magisterio en EducaciÃ³n Primaria,Grado,Traslado a otra Universidad,Mujeres,0,0,0,1,,,5/1/2020
2018,San José,Grado: PsicologÃ­a,Grado,Abandono Voluntario,Hombres,0,3,0,0,,,5/1/2020
2018,San José,Grado: PsicologÃ­a,Grado,Abandono Voluntario,Mujeres,0,2,1,0,,,5/1/2020
2018,San José,Grado: PsicologÃ­a,Grado,Cambio de estudios sin simultaneidad,Hombres,0,2,1,0,,,5/1/2020
2018,San José,Grado: PsicologÃ­a,Grado,Cambio de estudios sin simultaneidad,Mujeres,0,2,2,0,,,5/1/2020
2018,San José,Grado: PsicologÃ­a,Grado,Graduado,Hombres,5,0,0,0,4.8,90.99,5/1/2020
2018,San José,Grado: PsicologÃ­a,Grado,Graduado,Mujeres,61,0,0,0,4.24,93.38,5/1/2020
2018,San José,Grado: PsicologÃ­a,Grado,Incumple RÃ©gimen de permanencia,Hombres,0,1,0,0,,,5/1/2020
2018,San José,Grado: PsicologÃ­a,Grado,Traslado a otra Universidad,Hombres,0,0,0,2,,,5/1/2020
2018,San José,Grado: PsicologÃ­a,Grado,Traslado a otra Universidad,Mujeres,0,0,0,2,,,5/1/2020
2018,San José,Licenciado en Ciencias del Trabajo,Licenciatura o equivalente,Abandono Voluntario,Mujeres,0,1,0,0,,,5/1/2020
2018,San José,Licenciado en Ciencias del Trabajo,Licenciatura o equivalente,Incumple RÃ©gimen de permanencia,Mujeres,0,1,0,0,,,5/1/2020
2018,San José,MÃ¡ster: Profesorado E.S.O.,,,,,,,,,,
2018,San José,MÃ¡ster: Profesorado E.S.O.,,,,,,,,,,
2018,San José,MÃ¡ster: PsicologÃ­a General Sanitaria,MÃ¡ster,Graduado,Hombres,8,0,0,0,2,100,5/1/2020
2018,San José,MÃ¡ster: PsicologÃ­a General Sanitaria,MÃ¡ster,Graduado,Mujeres,23,0,0,0,2.13,98.15,5/1/2020
2018,Alajuela,BioquÃ­mica,Licenciatura o equivalente,Abandono Voluntario,Hombres,0,1,0,0,,,5/1/2020
2018,Alajuela,BioquÃ­mica,Licenciatura o equivalente,Abandono Voluntario,Mujeres,0,1,0,0,,,5/1/2020
2018,Alajuela,Derecho,Licenciatura o equivalente,Abandono Voluntario,Hombres,0,5,0,0,,,5/1/2020
2018,Alajuela,Derecho,Licenciatura o equivalente,Abandono Voluntario,Mujeres,0,8,0,0,,,5/1/2020
2018,Alajuela,Derecho,Licenciatura o equivalente,Traslado a otra Universidad,Hombres,0,0,0,7,,,5/1/2020
2018,Alajuela,Derecho,Licenciatura o equivalente,Traslado a otra Universidad,Mujeres,0,0,0,4,,,5/1/2020
2018,Alajuela,Diplomado Ciencias Empresariales,Diplomatura o equivalente,Traslado a otra Universidad,Hombres,0,0,0,3,,,5/1/2020
2018,Alajuela,Diplomado en Turismo,Diplomatura o equivalente,Graduado,Mujeres,2,0,0,0,13,91.15,5/1/2020
2018,Alajuela,Doctorado: BioquÃ­mica y biologÃ­a molecular [RD 1393/2007],Doctorado,Graduado,Hombres,1,0,0,0,2.53,,5/1/2020
2018,Alajuela,Doctorado: Calidad,,,,,,,,,,
2018,Alajuela,Doctorado: Ciencias de la antigÃ¼edad [RD 1393/2007],Doctorado,Graduado,Hombres,1,0,0,0,1.54,,5/1/2020
2018,Alajuela,Doctorado: Derecho [RD 1393/2007],Doctorado,Abandono Voluntario,Hombres,0,1,0,0,,,5/1/2020
2018,Alajuela,Doctorado: Derecho [RD 1393/2007],Doctorado,Abandono Voluntario,Mujeres,0,1,0,0,,,5/1/2020
2018,Alajuela,Doctorado: Derecho [RD 1393/2007],Doctorado,Graduado,Hombres,1,0,0,0,0.9,,5/1/2020
2018,Alajuela,Doctorado: EducaciÃ³n [RD 1393/2007],Doctorado,Graduado,Hombres,1,0,0,0,4.53,,5/1/2020
2018,Alajuela,Doctorado: GeologÃ­a [RD 1393/2007],Doctorado,Graduado,Hombres,1,0,0,0,0.31,,5/1/2020
2018,Alajuela,Doctorado: Historia del arte [RD 1393/2007],Doctorado,Abandono Voluntario,Mujeres,0,1,0,0,,,5/1/2020
2018,Alajuela,Doctorado: Historia moderna [RD 1393/2007],Doctorado,Graduado,Mujeres,1,0,0,0,0.37,,5/1/2020
2018,Alajuela,Doctorado: IngenierÃ­a quÃ­mica y del medio ambiente [RD 1393/2007],Doctorado,Graduado,Mujeres,1,0,0,0,0.46,,5/1/2020
2018,Alajuela,Doctorado: Medicina [RD 1393/2007],Doctorado,Graduado,Mujeres,2,0,0,0,0.25,,5/1/2020
2018,Alajuela,Doctorado: Medicina y sanidad animal [RD 1393/2007],Doctorado,Abandono Voluntario,Hombres,0,1,0,0,,,5/1/2020
2018,Alajuela,Doctorado: Medicina y sanidad animal [RD 1393/2007],Doctorado,Abandono Voluntario,Mujeres,0,2,0,0,,,5/1/2020
2018,Alajuela,Doctorado: PD BioquÃ­mica y biologÃ­a molecular [RD 99/2011],Doctorado,Abandono Voluntario,Hombres,0,1,0,0,,,5/1/2020
2018,Alajuela,Doctorado: PD BioquÃ­mica y biologÃ­a molecular [RD 99/2011],Doctorado,Abandono Voluntario,Mujeres,0,2,0,0,,,5/1/2020
2018,Alajuela,Doctorado: PD BioquÃ­mica y biologÃ­a molecular [RD 99/2011],Doctorado,Graduado,Hombres,2,0,0,0,3.87,,5/1/2020
2018,Alajuela,Doctorado: PD BioquÃ­mica y biologÃ­a molecular [RD 99/2011],Doctorado,Graduado,Mujeres,6,0,0,0,2.95,,5/1/2020
2018,Alajuela,Doctorado: PD Calidad,,,,,,,,,,
2018,Alajuela,Doctorado: PD Ciencia analÃ­tica en quÃ­mica [RD 99/2011],Doctorado,Abandono Voluntario,Hombres,0,1,0,0,,,5/1/2020
2018,Alajuela,Doctorado: PD Ciencia analÃ­tica en quÃ­mica [RD 99/2011],Doctorado,Graduado,Mujeres,3,0,0,0,2.01,,5/1/2020
2018,Alajuela,Doctorado: PD Ciencia analÃ­tica en quÃ­mica [RD 99/2011],Doctorado,Incumple RÃ©gimen de permanencia,Hombres,0,1,0,0,,,5/1/2020
2018,Alajuela,Doctorado: PD Ciencias agrarias y del medio natural [RD 99/2011],Doctorado,Graduado,Hombres,5,0,0,0,2.79,,5/1/2020
2018,Alajuela,Doctorado: PD Ciencias agrarias y del medio natural [RD 99/2011],Doctorado,Graduado,Mujeres,2,0,0,0,2.91,,5/1/2020
2018,Alajuela,Doctorado: PD Ciencias biomÃ©dicas y biotecnolÃ³gicas [RD 99/2011],Doctorado,Graduado,Mujeres,3,0,0,0,1.24,,5/1/2020
2018,Alajuela,Doctorado: PD Ciencias de la antigÃ¼edad [RD 99/2011],Doctorado,Cambio de estudios sin simultaneidad,Hombres,0,1,0,0,,,5/1/2020
2018,Alajuela,Doctorado: PD Ciencias de la antigÃ¼edad [RD 99/2011],Doctorado,Graduado,Hombres,4,0,0,0,2.69,,5/1/2020
2018,Alajuela,Doctorado: PD Ciencias de la antigÃ¼edad [RD 99/2011],Doctorado,Graduado,Mujeres,2,0,0,0,1.28,,5/1/2020
2018,Alajuela,Doctorado: PD Ciencias de la antigÃ¼edad [RD 99/2011],Doctorado,Incumple RÃ©gimen de permanencia,Hombres,0,2,0,0,,,5/1/2020
2018,Alajuela,Doctorado: PD Ciencias de la antigÃ¼edad [RD 99/2011],Doctorado,Incumple RÃ©gimen de permanencia,Mujeres,0,1,0,0,,,5/1/2020
2018,Alajuela,Doctorado: PD Ciencias de la salud y del deporte [RD 99/2011],Doctorado,Abandono Voluntario,Hombres,0,1,0,0,,,5/1/2020
2018,Alajuela,Doctorado: PD Ciencias de la salud y del deporte [RD 99/2011],Doctorado,Abandono Voluntario,Mujeres,0,3,0,0,,,5/1/2020
2018,Alajuela,Doctorado: PD Ciencias de la salud y del deporte [RD 99/2011],Doctorado,Graduado,Hombres,3,0,0,0,2.35,,5/1/2020
2018,Alajuela,Doctorado: PD Ciencias de la salud y del deporte [RD 99/2011],Doctorado,Graduado,Mujeres,4,0,0,0,2.94,,5/1/2020
2018,Alajuela,Doctorado: PD Ciencias de la salud y del deporte [RD 99/2011],Doctorado,Incumple RÃ©gimen de permanencia,Hombres,0,1,0,0,,,5/1/2020
2018,Alajuela,Doctorado: PD Ciencias de la salud y del deporte [RD 99/2011],Doctorado,Incumple RÃ©gimen de permanencia,Mujeres,0,5,0,0,,,5/1/2020
2018,Alajuela,Doctorado: PD Contabilidad y finanzas [RD 99/2011],Doctorado,Abandono Voluntario,Hombres,0,1,0,0,,,5/1/2020
2018,Alajuela,Doctorado: PD Contabilidad y finanzas [RD 99/2011],Doctorado,Abandono Voluntario,Mujeres,0,1,0,0,,,5/1/2020
2018,Alajuela,Doctorado: PD Contabilidad y finanzas [RD 99/2011],Doctorado,Graduado,Hombres,1,0,0,0,2.87,,5/1/2020
2018,Alajuela,Doctorado: PD Contabilidad y finanzas [RD 99/2011],Doctorado,Graduado,Mujeres,2,0,0,0,2.02,,5/1/2020
2018,Alajuela,Doctorado: PD Contabilidad y finanzas [RD 99/2011],Doctorado,Incumple RÃ©gimen de permanencia,Hombres,0,3,0,0,,,5/1/2020
2018,Alajuela,Doctorado: PD Derecho [RD 99/2011],Doctorado,Abandono Voluntario,Mujeres,0,1,0,0,,,5/1/2020
2018,Alajuela,Doctorado: PD Derecho [RD 99/2011],Doctorado,Graduado,Hombres,2,0,0,0,4.34,,5/1/2020
2018,Alajuela,Doctorado: PD Derecho [RD 99/2011],Doctorado,Graduado,Mujeres,3,0,0,0,2.23,,5/1/2020
2018,Alajuela,Doctorado: PD Derecho [RD 99/2011],Doctorado,Incumple RÃ©gimen de permanencia,Hombres,0,9,0,0,,,5/1/2020
2018,Alajuela,Doctorado: PD Derecho [RD 99/2011],Doctorado,Incumple RÃ©gimen de permanencia,Mujeres,0,7,0,0,,,5/1/2020
2018,Alajuela,Doctorado: PD Derechos humanos y libertades fundamentales [RD 99/2011],Doctorado,Graduado,Hombres,2,0,0,0,2.6,,5/1/2020
2018,Alajuela,Doctorado: PD Derechos humanos y libertades fundamentales [RD 99/2011],Doctorado,Incumple RÃ©gimen de permanencia,Mujeres,0,2,0,0,,,5/1/2020
2018,Alajuela,Doctorado: PD EconomÃ­a [RD 99/2011],Doctorado,Abandono Voluntario,Hombres,0,1,0,0,,,5/1/2020
2018,Alajuela,Doctorado: PD EconomÃ­a [RD 99/2011],Doctorado,Graduado,Hombres,2,0,0,0,4.13,,5/1/2020
2018,Alajuela,Doctorado: PD EconomÃ­a [RD 99/2011],Doctorado,Incumple RÃ©gimen de permanencia,Hombres,0,2,0,0,,,5/1/2020
2018,Alajuela,Doctorado: PD EconomÃ­a [RD 99/2011],Doctorado,Incumple RÃ©gimen de permanencia,Mujeres,0,1,0,0,,,5/1/2020
2018,Alajuela,Doctorado: PD EconomÃ­a y gestiÃ³n de las organizaciones [RD 99/2011],Doctorado,Abandono Voluntario,Hombres,0,1,0,0,,,5/1/2020
2018,Alajuela,Doctorado: PD EconomÃ­a y gestiÃ³n de las organizaciones [RD 99/2011],Doctorado,Abandono Voluntario,Mujeres,0,1,0,0,,,5/1/2020
2018,Alajuela,Doctorado: PD EconomÃ­a y gestiÃ³n de las organizaciones [RD 99/2011],Doctorado,Graduado,Hombres,1,0,0,0,3.54,,5/1/2020
2018,Alajuela,Doctorado: PD EconomÃ­a y gestiÃ³n de las organizaciones [RD 99/2011],Doctorado,Graduado,Mujeres,2,0,0,0,3.52,,5/1/2020
2018,Alajuela,Doctorado: PD EconomÃ­a y gestiÃ³n de las organizaciones [RD 99/2011],Doctorado,Incumple RÃ©gimen de permanencia,Hombres,0,1,0,0,,,5/1/2020
2018,Alajuela,Doctorado: PD EducaciÃ³n [RD 99/2011],Doctorado,Abandono Voluntario,Mujeres,0,2,0,0,,,5/1/2020
2018,Alajuela,Doctorado: PD EducaciÃ³n [RD 99/2011],Doctorado,Graduado,Hombres,2,0,0,0,3.2,,5/1/2020
2018,Alajuela,Doctorado: PD EducaciÃ³n [RD 99/2011],Doctorado,Graduado,Mujeres,1,0,0,0,2.84,,5/1/2020
2018,Alajuela,Doctorado: PD EducaciÃ³n [RD 99/2011],Doctorado,Incumple RÃ©gimen de permanencia,Hombres,0,5,0,0,,,5/1/2020
2018,Alajuela,Doctorado: PD EducaciÃ³n [RD 99/2011],Doctorado,Incumple RÃ©gimen de permanencia,Mujeres,0,3,0,0,,,5/1/2020
2018,Alajuela,Doctorado: PD EnergÃ­as renovables y eficiencia energÃ©tica [RD 99/2011],Doctorado,Abandono Voluntario,Hombres,0,1,0,0,,,5/1/2020
2018,Alajuela,Doctorado: PD EnergÃ­as renovables y eficiencia energÃ©tica [RD 99/2011],Doctorado,Graduado,Hombres,5,0,0,0,2.11,,5/1/2020
2018,Alajuela,Doctorado: PD EnergÃ­as renovables y eficiencia energÃ©tica [RD 99/2011],Doctorado,Graduado,Mujeres,1,0,0,0,2.84,,5/1/2020
2018,Alajuela,Doctorado: PD EnergÃ­as renovables y eficiencia energÃ©tica [RD 99/2011],Doctorado,Incumple RÃ©gimen de permanencia,Hombres,0,2,0,0,,,5/1/2020
2018,Alajuela,Doctorado: PD Estudios ingleses [RD 99/2011],Doctorado,Graduado,Hombres,3,0,0,0,2.69,,5/1/2020
2018,Alajuela,Doctorado: PD Estudios ingleses [RD 99/2011],Doctorado,Graduado,Mujeres,1,0,0,0,3.55,,5/1/2020
2018,Alajuela,Doctorado: PD Estudios ingleses [RD 99/2011],Doctorado,Incumple RÃ©gimen de permanencia,Mujeres,0,1,0,0,,,5/1/2020
2018,Alajuela,Doctorado: PD FilosofÃ­a [RD 99/2011],Doctorado,Graduado,Hombres,1,0,0,0,3.39,,5/1/2020
2018,Alajuela,Doctorado: PD FilosofÃ­a [RD 99/2011],Doctorado,Graduado,Mujeres,1,0,0,0,3.56,,5/1/2020
2018,Alajuela,Doctorado: PD FilosofÃ­a [RD 99/2011],Doctorado,Incumple RÃ©gimen de permanencia,Hombres,0,1,0,0,,,5/1/2020
2018,Alajuela,Doctorado: PD FilosofÃ­a [RD 99/2011],Doctorado,Incumple RÃ©gimen de permanencia,Mujeres,0,2,0,0,,,5/1/2020
2018,Alajuela,Doctorado: PD FÃ­sica [RD 99/2011],Doctorado,Graduado,Hombres,4,0,0,0,3.66,,5/1/2020
2018,Alajuela,Doctorado: PD FÃ­sica [RD 99/2011],Doctorado,Incumple RÃ©gimen de permanencia,Hombres,0,3,0,0,,,5/1/2020
2018,Alajuela,Doctorado: PD FÃ­sica [RD 99/2011],Doctorado,Incumple RÃ©gimen de permanencia,Mujeres,0,1,0,0,,,5/1/2020
2018,Alajuela,Doctorado: PD GeologÃ­a [RD 99/2011],Doctorado,Cambio de estudios sin simultaneidad,Mujeres,0,1,0,0,,,5/1/2020
2018,Alajuela,Doctorado: PD GeologÃ­a [RD 99/2011],Doctorado,Graduado,Hombres,1,0,0,0,2.18,,5/1/2020
2018,Alajuela,Doctorado: PD GeologÃ­a [RD 99/2011],Doctorado,Incumple RÃ©gimen de permanencia,Hombres,0,1,0,0,,,5/1/2020
2018,Alajuela,Doctorado: PD GeologÃ­a [RD 99/2011],Doctorado,Incumple RÃ©gimen de permanencia,Mujeres,0,1,0,0,,,5/1/2020
2018,Alajuela,Doctorado: PD Historia contemporÃ¡nea [RD 99/2011],Doctorado,Graduado,Hombres,2,0,0,0,2.58,,5/1/2020
2018,Alajuela,Doctorado: PD Historia contemporÃ¡nea [RD 99/2011],Doctorado,Graduado,Mujeres,1,0,0,0,0.63,,5/1/2020
2018,Alajuela,Doctorado: PD Historia contemporÃ¡nea [RD 99/2011],Doctorado,Incumple RÃ©gimen de permanencia,Mujeres,0,1,0,0,,,5/1/2020
2018,Alajuela,Doctorado: PD Historia del arte [RD 99/2011],Doctorado,Abandono Voluntario,Mujeres,0,2,0,0,,,5/1/2020
2018,Alajuela,Doctorado: PD Historia del arte [RD 99/2011],Doctorado,Cambio de estudios sin simultaneidad,Mujeres,0,1,0,0,,,5/1/2020
2018,Alajuela,Doctorado: PD Historia del arte [RD 99/2011],Doctorado,Graduado,Hombres,2,0,0,0,2.14,,5/1/2020
2018,Alajuela,Doctorado: PD Historia del arte [RD 99/2011],Doctorado,Graduado,Mujeres,4,0,0,0,1.9,,5/1/2020
2018,Alajuela,Doctorado: PD Historia del arte [RD 99/2011],Doctorado,Incumple RÃ©gimen de permanencia,Mujeres,0,2,0,0,,,5/1/2020
2018,Alajuela,Doctorado: PD Historia,,,,,,,,,,
2018,Alajuela,Doctorado: PD Historia,,,,,,,,,,
2018,Alajuela,Doctorado: PD Historia,,,,,,,,,,
2018,Alajuela,Doctorado: PD InformaciÃ³n y ComunicaciÃ³n [RD 99/2011],Doctorado,Abandono Voluntario,Hombres,0,2,0,0,,,5/1/2020
2018,Alajuela,Doctorado: PD InformaciÃ³n y ComunicaciÃ³n [RD 99/2011],Doctorado,Graduado,Mujeres,2,0,0,0,2.78,,5/1/2020
2018,Alajuela,Doctorado: PD InformaciÃ³n y ComunicaciÃ³n [RD 99/2011],Doctorado,Incumple RÃ©gimen de permanencia,Mujeres,0,2,0,0,,,5/1/2020
2018,Alajuela,Doctorado: PD IngenierÃ­a biomÃ©dica [RD 99/2011],Doctorado,Abandono Voluntario,Hombres,0,2,0,0,,,5/1/2020
2018,Alajuela,Doctorado: PD IngenierÃ­a biomÃ©dica [RD 99/2011],Doctorado,Graduado,Hombres,3,0,0,0,3.08,,5/1/2020
2018,Alajuela,Doctorado: PD IngenierÃ­a biomÃ©dica [RD 99/2011],Doctorado,Graduado,Mujeres,4,0,0,0,3.72,,5/1/2020
2018,Alajuela,Doctorado: PD IngenierÃ­a de diseÃ±o y fabricaciÃ³n [RD 99/2011],Doctorado,Abandono Voluntario,Hombres,0,1,0,0,,,5/1/2020
2018,Alajuela,Doctorado: PD IngenierÃ­a de diseÃ±o y fabricaciÃ³n [RD 99/2011],Doctorado,Graduado,Hombres,2,0,0,0,2.49,,5/1/2020
2018,Alajuela,Doctorado: PD IngenierÃ­a de diseÃ±o y fabricaciÃ³n [RD 99/2011],Doctorado,Incumple RÃ©gimen de permanencia,Hombres,0,2,0,0,,,5/1/2020
2018,Alajuela,Doctorado: PD IngenierÃ­a de sistemas e informÃ¡tica [RD 99/2011],Doctorado,Abandono Voluntario,Hombres,0,2,0,0,,,5/1/2020
2018,Alajuela,Doctorado: PD IngenierÃ­a de sistemas e informÃ¡tica [RD 99/2011],Doctorado,Abandono Voluntario,Mujeres,0,1,0,0,,,5/1/2020
2018,Alajuela,Doctorado: PD IngenierÃ­a de sistemas e informÃ¡tica [RD 99/2011],Doctorado,Graduado,Hombres,6,0,0,0,3.5,,5/1/2020
2018,Alajuela,Doctorado: PD IngenierÃ­a de sistemas e informÃ¡tica [RD 99/2011],Doctorado,Graduado,Mujeres,3,0,0,0,3.82,,5/1/2020
2018,Alajuela,Doctorado: PD IngenierÃ­a de sistemas e informÃ¡tica [RD 99/2011],Doctorado,Incumple RÃ©gimen de permanencia,Hombres,0,1,0,0,,,5/1/2020
2018,Alajuela,Doctorado: PD IngenierÃ­a de sistemas e informÃ¡tica [RD 99/2011],Doctorado,Incumple RÃ©gimen de permanencia,Mujeres,0,1,0,0,,,5/1/2020
2018,Alajuela,Doctorado: PD IngenierÃ­a electrÃ³nica [RD 99/2011],Doctorado,Incumple RÃ©gimen de permanencia,Hombres,0,1,0,0,,,5/1/2020
2018,Alajuela,Doctorado: PD IngenierÃ­a mecÃ¡nica [RD 99/2011],Doctorado,Abandono Voluntario,Hombres,0,1,0,0,,,5/1/2020
2018,Alajuela,Doctorado: PD IngenierÃ­a mecÃ¡nica [RD 99/2011],Doctorado,Graduado,Hombres,3,0,0,0,3.42,,5/1/2020
2018,Alajuela,Doctorado: PD IngenierÃ­a mecÃ¡nica [RD 99/2011],Doctorado,Graduado,Mujeres,1,0,0,0,3.5,,5/1/2020
2018,Alajuela,Doctorado: PD IngenierÃ­a mecÃ¡nica [RD 99/2011],Doctorado,Incumple RÃ©gimen de permanencia,Hombres,0,1,0,0,,,5/1/2020
2018,Alajuela,Doctorado: PD IngenierÃ­a mecÃ¡nica [RD 99/2011],Doctorado,Incumple RÃ©gimen de permanencia,Mujeres,0,1,0,0,,,5/1/2020
2018,Alajuela,Doctorado: PD IngenierÃ­a quÃ­mica y del medio ambiente [RD 99/2011],Doctorado,Graduado,Hombres,1,0,0,0,2.5,,5/1/2020
2018,Alajuela,Doctorado: PD IngenierÃ­a quÃ­mica y del medio ambiente [RD 99/2011],Doctorado,Graduado,Mujeres,7,0,0,0,3.37,,5/1/2020
2018,Alajuela,Doctorado: PD IngenierÃ­a quÃ­mica y del medio ambiente [RD 99/2011],Doctorado,Incumple RÃ©gimen de permanencia,Hombres,0,2,0,0,,,5/1/2020
2018,Alajuela,Doctorado: PD IngenierÃ­a quÃ­mica y del medio ambiente [RD 99/2011],Doctorado,Incumple RÃ©gimen de permanencia,Mujeres,0,2,0,0,,,5/1/2020
2018,Alajuela,Doctorado: PD LingÃ¼Ã­stica hispÃ¡nica [RD 99/2011],Doctorado,Abandono Voluntario,Mujeres,0,2,0,0,,,5/1/2020
2018,Alajuela,Doctorado: PD LingÃ¼Ã­stica hispÃ¡nica [RD 99/2011],Doctorado,Cambio de estudios sin simultaneidad,Hombres,0,1,0,0,,,5/1/2020
2018,Alajuela,Doctorado: PD LingÃ¼Ã­stica hispÃ¡nica [RD 99/2011],Doctorado,Graduado,Hombres,1,0,0,0,3.96,,5/1/2020
2018,Alajuela,Doctorado: PD LingÃ¼Ã­stica hispÃ¡nica [RD 99/2011],Doctorado,Graduado,Mujeres,3,0,0,0,3.11,,5/1/2020
2018,Alajuela,Doctorado: PD LingÃ¼Ã­stica hispÃ¡nica [RD 99/2011],Doctorado,Incumple RÃ©gimen de permanencia,Hombres,0,1,0,0,,,5/1/2020
2018,Alajuela,Doctorado: PD LingÃ¼Ã­stica hispÃ¡nica [RD 99/2011],Doctorado,Incumple RÃ©gimen de permanencia,Mujeres,0,2,0,0,,,5/1/2020
2018,Alajuela,Doctorado: PD Literaturas hispÃ¡nicas [RD 99/2011],Doctorado,Abandono Voluntario,Mujeres,0,1,0,0,,,5/1/2020
2018,Alajuela,Doctorado: PD Literaturas hispÃ¡nicas [RD 99/2011],Doctorado,Graduado,Mujeres,2,0,0,0,1.69,,5/1/2020
2018,Alajuela,Doctorado: PD Literaturas hispÃ¡nicas [RD 99/2011],Doctorado,Incumple RÃ©gimen de permanencia,Hombres,0,1,0,0,,,5/1/2020
2018,Alajuela,Doctorado: PD Literaturas hispÃ¡nicas [RD 99/2011],Doctorado,Incumple RÃ©gimen de permanencia,Mujeres,0,2,0,0,,,5/1/2020
2018,Alajuela,Doctorado: PD MatemÃ¡ticas y estadÃ­stica [RD 99/2011],Doctorado,Graduado,Hombres,2,0,0,0,3.88,,5/1/2020
2018,Alajuela,Doctorado: PD MatemÃ¡ticas y estadÃ­stica [RD 99/2011],Doctorado,Graduado,Mujeres,2,0,0,0,3.56,,5/1/2020
2018,Alajuela,Doctorado: PD MecÃ¡nica de fluÃ­dos [RD 99/2011],Doctorado,Incumple RÃ©gimen de permanencia,Hombres,0,1,0,0,,,5/1/2020
2018,Alajuela,Doctorado: PD Medicina [RD 99/2011],Doctorado,Abandono Voluntario,Hombres,0,1,0,0,,,5/1/2020
2018,Alajuela,Doctorado: PD Medicina [RD 99/2011],Doctorado,Abandono Voluntario,Mujeres,0,1,0,0,,,5/1/2020
2018,Alajuela,Doctorado: PD Medicina [RD 99/2011],Doctorado,Graduado,Hombres,4,0,0,0,3.35,,5/1/2020
2018,Alajuela,Doctorado: PD Medicina [RD 99/2011],Doctorado,Graduado,Mujeres,29,0,0,0,3.23,,5/1/2020
2018,Alajuela,Doctorado: PD Medicina [RD 99/2011],Doctorado,Incumple RÃ©gimen de permanencia,Hombres,0,5,0,0,,,5/1/2020
2018,Alajuela,Doctorado: PD Medicina [RD 99/2011],Doctorado,Incumple RÃ©gimen de permanencia,Mujeres,0,7,0,0,,,5/1/2020
2018,Alajuela,Doctorado: PD Medicina y sanidad animal [RD 99/2011],Doctorado,Graduado,Hombres,4,0,0,0,1.08,,5/1/2020
2018,Alajuela,Doctorado: PD Medicina y sanidad animal [RD 99/2011],Doctorado,Graduado,Mujeres,6,0,0,0,1.4,,5/1/2020
2018,Alajuela,Doctorado: PD Medicina y sanidad animal [RD 99/2011],Doctorado,Incumple RÃ©gimen de permanencia,Hombres,0,1,0,0,,,5/1/2020
2018,Alajuela,Doctorado: PD Medicina y sanidad animal [RD 99/2011],Doctorado,Incumple RÃ©gimen de permanencia,Mujeres,0,3,0,0,,,5/1/2020
2018,Alajuela,Doctorado: PD Nuevos territorios en la arquitectura [RD 99/2011],Doctorado,Abandono Voluntario,Mujeres,0,1,0,0,,,5/1/2020
2018,Alajuela,Doctorado: PD Nuevos territorios en la arquitectura [RD 99/2011],Doctorado,Graduado,Hombres,2,0,0,0,3.36,,5/1/2020
2018,Alajuela,Doctorado: PD OrdenaciÃ³n del territorio y medio ambiente [RD 99/2011],Doctorado,Abandono Voluntario,Hombres,0,1,0,0,,,5/1/2020
2018,Alajuela,Doctorado: PD OrdenaciÃ³n del territorio y medio ambiente [RD 99/2011],Doctorado,Abandono Voluntario,Mujeres,0,1,0,0,,,5/1/2020
2018,Alajuela,Doctorado: PD OrdenaciÃ³n del territorio y medio ambiente [RD 99/2011],Doctorado,Graduado,Mujeres,1,0,0,0,3.92,,5/1/2020
2018,Alajuela,Doctorado: PD OrdenaciÃ³n del territorio y medio ambiente [RD 99/2011],Doctorado,Incumple RÃ©gimen de permanencia,Hombres,0,1,0,0,,,5/1/2020
2018,Alajuela,Doctorado: PD OrdenaciÃ³n del territorio y medio ambiente [RD 99/2011],Doctorado,Incumple RÃ©gimen de permanencia,Mujeres,0,1,0,0,,,5/1/2020
2018,Alajuela,Doctorado: PD Patrimonio,,,,,,,,,,
2018,Alajuela,Doctorado: PD ProducciÃ³n animal [RD 99/2011],Doctorado,Graduado,Hombres,2,0,0,0,2.32,,5/1/2020
2018,Alajuela,Doctorado: PD ProducciÃ³n animal [RD 99/2011],Doctorado,Graduado,Mujeres,2,0,0,0,3.66,,5/1/2020
2018,Alajuela,Doctorado: PD QuÃ­mica fÃ­sica [RD 99/2011],Doctorado,Graduado,Hombres,2,0,0,0,3.74,,5/1/2020
2018,Alajuela,Doctorado: PD QuÃ­mica inorgÃ¡nica [RD 99/2011],Doctorado,Graduado,Hombres,3,0,0,0,2.82,,5/1/2020
2018,Alajuela,Doctorado: PD QuÃ­mica inorgÃ¡nica [RD 99/2011],Doctorado,Graduado,Mujeres,3,0,0,0,1.6,,5/1/2020
2018,Alajuela,Doctorado: PD QuÃ­mica inorgÃ¡nica [RD 99/2011],Doctorado,Incumple RÃ©gimen de permanencia,Hombres,0,1,0,0,,,5/1/2020
2018,Alajuela,Doctorado: PD QuÃ­mica orgÃ¡nica [RD 99/2011],Doctorado,Graduado,Hombres,3,0,0,0,3.74,,5/1/2020
2018,Alajuela,Doctorado: PD QuÃ­mica orgÃ¡nica [RD 99/2011],Doctorado,Graduado,Mujeres,2,0,0,0,4,,5/1/2020
2018,Alajuela,Doctorado: PD QuÃ­mica orgÃ¡nica [RD 99/2011],Doctorado,Incumple RÃ©gimen de permanencia,Hombres,0,1,0,0,,,5/1/2020
2018,Alajuela,Doctorado: PD Relaciones de gÃ©nero y estudios feministas [RD 99/2011],Doctorado,Incumple RÃ©gimen de permanencia,Mujeres,0,2,0,0,,,5/1/2020
2018,Alajuela,Doctorado: PD SociologÃ­a de las polÃ­ticas pÃºblicas y sociales [RD 99/2011],Doctorado,Graduado,Hombres,1,0,0,0,4.47,,5/1/2020
2018,Alajuela,Doctorado: PD SociologÃ­a de las polÃ­ticas pÃºblicas y sociales [RD 99/2011],Doctorado,Graduado,Mujeres,1,0,0,0,4.29,,5/1/2020
2018,Alajuela,Doctorado: PD SociologÃ­a de las polÃ­ticas pÃºblicas y sociales [RD 99/2011],Doctorado,Incumple RÃ©gimen de permanencia,Hombres,0,4,0,0,,,5/1/2020
2018,Alajuela,Doctorado: PD SociologÃ­a de las polÃ­ticas pÃºblicas y sociales [RD 99/2011],Doctorado,Incumple RÃ©gimen de permanencia,Mujeres,0,4,0,0,,,5/1/2020
2018,Alajuela,Doctorado: SociologÃ­a de las polÃ­ticas pÃºblicas y sociales [RD 1393/2007],Doctorado,Graduado,Mujeres,1,0,0,0,2.36,,5/1/2020
2018,Alajuela,EnfermerÃ­a,Diplomatura o equivalente,Traslado a otra Universidad,Mujeres,0,0,0,1,,,5/1/2020
2018,Alajuela,EstadÃ­stica,Diplomatura o equivalente,Traslado a otra Universidad,Hombres,0,0,0,2,,,5/1/2020
2018,Alajuela,EstadÃ­stica,Diplomatura o equivalente,Traslado a otra Universidad,Mujeres,0,0,0,1,,,5/1/2020
2018,Alajuela,FilologÃ­a HispÃ¡nica,Licenciatura o equivalente,Abandono Voluntario,Hombres,0,1,0,0,,,5/1/2020
2018,Alajuela,FilologÃ­a HispÃ¡nica,Licenciatura o equivalente,Abandono Voluntario,Mujeres,0,2,0,0,,,5/1/2020
2018,Alajuela,FilologÃ­a HispÃ¡nica,Licenciatura o equivalente,Traslado a otra Universidad,Hombres,0,0,0,1,,,5/1/2020
2018,Alajuela,FilologÃ­a HispÃ¡nica,Licenciatura o equivalente,Traslado a otra Universidad,Mujeres,0,0,0,1,,,5/1/2020
2018,Alajuela,FilologÃ­a Inglesa,Licenciatura o equivalente,Abandono Voluntario,Hombres,0,1,0,0,,,5/1/2020
2018,Alajuela,FilologÃ­a Inglesa,Licenciatura o equivalente,Abandono Voluntario,Mujeres,0,2,0,0,,,5/1/2020
2018,Alajuela,FilologÃ­a Inglesa,Licenciatura o equivalente,Traslado a otra Universidad,Mujeres,0,0,0,3,,,5/1/2020
2018,Alajuela,GeografÃ­a,Licenciatura o equivalente,Abandono Voluntario,Mujeres,0,1,0,0,,,5/1/2020
2018,Alajuela,Grado: AdministraciÃ³n y DirecciÃ³n de Empresas,Grado,Abandono Voluntario,Hombres,0,80,24,0,,,5/1/2020
2018,Alajuela,Grado: AdministraciÃ³n y DirecciÃ³n de Empresas,Grado,Abandono Voluntario,Mujeres,0,53,17,0,,,5/1/2020
2018,Alajuela,Grado: AdministraciÃ³n y DirecciÃ³n de Empresas,Grado,Cambio de estudios sin simultaneidad,Hombres,0,17,12,0,,,5/1/2020
2018,Alajuela,Grado: AdministraciÃ³n y DirecciÃ³n de Empresas,Grado,Cambio de estudios sin simultaneidad,Mujeres,0,9,8,0,,,5/1/2020
2018,Alajuela,Grado: AdministraciÃ³n y DirecciÃ³n de Empresas,Grado,Graduado,Hombres,137,0,0,0,5.25,88.23,5/1/2020
2018,Alajuela,Grado: AdministraciÃ³n y DirecciÃ³n de Empresas,Grado,Graduado,Mujeres,159,0,0,0,5.4,90.86,5/1/2020
2018,Alajuela,Grado: AdministraciÃ³n y DirecciÃ³n de Empresas,Grado,Incumple RÃ©gimen de permanencia,Hombres,0,19,12,0,,,5/1/2020
2018,Alajuela,Grado: AdministraciÃ³n y DirecciÃ³n de Empresas,Grado,Incumple RÃ©gimen de permanencia,Mujeres,0,5,1,0,,,5/1/2020
2018,Alajuela,Grado: AdministraciÃ³n y DirecciÃ³n de Empresas,Grado,Traslado a otra Universidad,Hombres,0,0,0,14,,,5/1/2020
2018,Alajuela,Grado: AdministraciÃ³n y DirecciÃ³n de Empresas,Grado,Traslado a otra Universidad,Mujeres,0,0,0,13,,,5/1/2020
2018,Alajuela,Grado: BiotecnologÃ­a,Grado,Cambio de estudios sin simultaneidad,Mujeres,0,1,1,0,,,5/1/2020
2018,Alajuela,Grado: BiotecnologÃ­a,Grado,Graduado,Hombres,19,0,0,0,4.06,96.43,5/1/2020
2018,Alajuela,Grado: BiotecnologÃ­a,Grado,Graduado,Mujeres,44,0,0,0,4.13,98.66,5/1/2020
2018,Alajuela,Grado: BiotecnologÃ­a,Grado,Incumple RÃ©gimen de permanencia,Hombres,0,1,1,0,,,5/1/2020
2018,Alajuela,Grado: BiotecnologÃ­a,Grado,Incumple RÃ©gimen de permanencia,Mujeres,0,1,1,0,,,5/1/2020
2018,Alajuela,Grado: BiotecnologÃ­a,Grado,Traslado a otra Universidad,Mujeres,0,0,0,1,,,5/1/2020
2018,Alajuela,Grado: Ciencia y TecnologÃ­a de los Alimentos,Grado,Abandono Voluntario,Hombres,0,1,1,0,,,5/1/2020
2018,Alajuela,Grado: Ciencia y TecnologÃ­a de los Alimentos,Grado,Abandono Voluntario,Mujeres,0,3,1,0,,,5/1/2020
2018,Alajuela,Grado: Ciencia y TecnologÃ­a de los Alimentos,Grado,Cambio de estudios sin simultaneidad,Hombres,0,1,1,0,,,5/1/2020
2018,Alajuela,Grado: Ciencia y TecnologÃ­a de los Alimentos,Grado,Cambio de estudios sin simultaneidad,Mujeres,0,4,4,0,,,5/1/2020
2018,Alajuela,Grado: Ciencia y TecnologÃ­a de los Alimentos,Grado,Graduado,Hombres,14,0,0,0,4.57,91.01,5/1/2020
2018,Alajuela,Grado: Ciencia y TecnologÃ­a de los Alimentos,Grado,Graduado,Mujeres,29,0,0,0,4.19,94.37,5/1/2020
2018,Alajuela,Grado: Ciencia y TecnologÃ­a de los Alimentos,Grado,Incumple RÃ©gimen de permanencia,Hombres,0,1,0,0,,,5/1/2020
2018,Alajuela,Grado: Ciencia y TecnologÃ­a de los Alimentos,Grado,Incumple RÃ©gimen de permanencia,Mujeres,0,2,2,0,,,5/1/2020
2018,Alajuela,Grado: Ciencia y TecnologÃ­a de los Alimentos,Grado,Traslado a otra Universidad,Hombres,0,0,0,2,,,5/1/2020
2018,Alajuela,Grado: Ciencia y TecnologÃ­a de los Alimentos,Grado,Traslado a otra Universidad,Mujeres,0,0,0,3,,,5/1/2020
2018,Alajuela,Grado: Derecho,Grado,Abandono Voluntario,Hombres,0,26,9,0,,,5/1/2020
2018,Alajuela,Grado: Derecho,Grado,Abandono Voluntario,Mujeres,0,27,9,0,,,5/1/2020
2018,Alajuela,Grado: Derecho,Grado,Cambio de estudios sin simultaneidad,Hombres,0,4,3,0,,,5/1/2020
2018,Alajuela,Grado: Derecho,Grado,Cambio de estudios sin simultaneidad,Mujeres,0,10,7,0,,,5/1/2020
2018,Alajuela,Grado: Derecho,Grado,Graduado,Hombres,113,0,0,0,5,91.53,5/1/2020
2018,Alajuela,Grado: Derecho,Grado,Graduado,Mujeres,191,0,0,0,4.91,92.12,5/1/2020
2018,Alajuela,Grado: Derecho,Grado,Incumple RÃ©gimen de permanencia,Hombres,0,1,1,0,,,5/1/2020
2018,Alajuela,Grado: Derecho,Grado,Incumple RÃ©gimen de permanencia,Mujeres,0,1,0,0,,,5/1/2020
2018,Alajuela,Grado: Derecho,Grado,Traslado a otra Universidad,Hombres,0,0,0,15,,,5/1/2020
2018,Alajuela,Grado: Derecho,Grado,Traslado a otra Universidad,Mujeres,0,0,0,12,,,5/1/2020
2018,Alajuela,Grado: EconomÃ­a,Grado,Abandono Voluntario,Hombres,0,35,19,0,,,5/1/2020
2018,Alajuela,Grado: EconomÃ­a,Grado,Abandono Voluntario,Mujeres,0,21,8,0,,,5/1/2020
2018,Alajuela,Grado: EconomÃ­a,Grado,Cambio de estudios sin simultaneidad,Hombres,0,8,4,0,,,5/1/2020
2018,Alajuela,Grado: EconomÃ­a,Grado,Cambio de estudios sin simultaneidad,Mujeres,0,3,2,0,,,5/1/2020
2018,Alajuela,Grado: EconomÃ­a,Grado,Graduado,Hombres,50,0,0,0,5.4,78.66,5/1/2020
2018,Alajuela,Grado: EconomÃ­a,Grado,Graduado,Mujeres,42,0,0,0,5.5,80.29,5/1/2020
2018,Alajuela,Grado: EconomÃ­a,Grado,Incumple RÃ©gimen de permanencia,Hombres,0,14,8,0,,,5/1/2020
2018,Alajuela,Grado: EconomÃ­a,Grado,Incumple RÃ©gimen de permanencia,Mujeres,0,5,3,0,,,5/1/2020
2018,Alajuela,Grado: EconomÃ­a,Grado,Traslado a otra Universidad,Hombres,0,0,0,14,,,5/1/2020
2018,Alajuela,Grado: EconomÃ­a,Grado,Traslado a otra Universidad,Mujeres,0,0,0,2,,,5/1/2020
2018,Alajuela,Grado: EnfermerÃ­a,Grado,Abandono Voluntario,Hombres,0,5,2,0,,,5/1/2020
2018,Alajuela,Grado: EnfermerÃ­a,Grado,Abandono Voluntario,Mujeres,0,6,3,0,,,5/1/2020
2018,Alajuela,Grado: EnfermerÃ­a,Grado,Cambio de estudios sin simultaneidad,Hombres,0,3,2,0,,,5/1/2020
2018,Alajuela,Grado: EnfermerÃ­a,Grado,Cambio de estudios sin simultaneidad,Mujeres,0,15,15,0,,,5/1/2020
2018,Alajuela,Grado: EnfermerÃ­a,Grado,Graduado,Hombres,27,0,0,0,4,95.14,5/1/2020
2018,Alajuela,Grado: EnfermerÃ­a,Grado,Graduado,Mujeres,123,0,0,0,4.08,96.95,5/1/2020
2018,Alajuela,Grado: EnfermerÃ­a,Grado,Incumple RÃ©gimen de permanencia,Hombres,0,1,1,0,,,5/1/2020
2018,Alajuela,Grado: EnfermerÃ­a,Grado,Traslado a otra Universidad,Mujeres,0,0,0,2,,,5/1/2020
2018,Alajuela,Grado: Estudios ClÃ¡sicos,Grado,Abandono Voluntario,Hombres,0,2,1,0,,,5/1/2020
2018,Alajuela,Grado: Estudios ClÃ¡sicos,Grado,Abandono Voluntario,Mujeres,0,6,2,0,,,5/1/2020
2018,Alajuela,Grado: Estudios ClÃ¡sicos,Grado,Cambio de estudios sin simultaneidad,Hombres,0,1,1,0,,,5/1/2020
2018,Alajuela,Grado: Estudios ClÃ¡sicos,Grado,Cambio de estudios sin simultaneidad,Mujeres,0,4,1,0,,,5/1/2020
2018,Alajuela,Grado: Estudios ClÃ¡sicos,Grado,Graduado,Hombres,3,0,0,0,4.67,95.98,5/1/2020
2018,Alajuela,Grado: Estudios ClÃ¡sicos,Grado,Graduado,Mujeres,1,0,0,0,5,92.97,5/1/2020
2018,Alajuela,Grado: Estudios ClÃ¡sicos,Grado,Incumple RÃ©gimen de permanencia,Hombres,0,1,0,0,,,5/1/2020
2018,Alajuela,Grado: Estudios ClÃ¡sicos,Grado,Incumple RÃ©gimen de permanencia,Mujeres,0,1,0,0,,,5/1/2020
2018,Alajuela,Grado: Estudios ClÃ¡sicos,Grado,Traslado a otra Universidad,Hombres,0,0,0,1,,,5/1/2020
2018,Alajuela,Grado: Estudios en Arquitectura,Grado,Abandono Voluntario,Hombres,0,9,4,0,,,5/1/2020
2018,Alajuela,Grado: Estudios en Arquitectura,Grado,Abandono Voluntario,Mujeres,0,8,4,0,,,5/1/2020
2018,Alajuela,Grado: Estudios en Arquitectura,Grado,Cambio de estudios sin simultaneidad,Hombres,0,4,1,0,,,5/1/2020
2018,Alajuela,Grado: Estudios en Arquitectura,Grado,Cambio de estudios sin simultaneidad,Mujeres,0,3,0,0,,,5/1/2020
2018,Alajuela,Grado: Estudios en Arquitectura,Grado,Graduado,Hombres,25,0,0,0,6.05,88.48,5/1/2020
2018,Alajuela,Grado: Estudios en Arquitectura,Grado,Graduado,Mujeres,22,0,0,0,5.65,89.9,5/1/2020
2018,Alajuela,Grado: Estudios en Arquitectura,Grado,Incumple RÃ©gimen de permanencia,Hombres,0,4,3,0,,,5/1/2020
2018,Alajuela,Grado: Estudios en Arquitectura,Grado,Traslado a otra Universidad,Hombres,0,0,0,5,,,5/1/2020
2018,Alajuela,Grado: Estudios en Arquitectura,Grado,Traslado a otra Universidad,Mujeres,0,0,0,2,,,5/1/2020
2018,Alajuela,Grado: Estudios Ingleses,Grado,Abandono Voluntario,Hombres,0,8,4,0,,,5/1/2020
2018,Alajuela,Grado: Estudios Ingleses,Grado,Abandono Voluntario,Mujeres,0,20,4,0,,,5/1/2020
2018,Alajuela,Grado: Estudios Ingleses,Grado,Cambio de estudios sin simultaneidad,Mujeres,0,4,2,0,,,5/1/2020
2018,Alajuela,Grado: Estudios Ingleses,Grado,Graduado,Hombres,13,0,0,0,4.44,88.45,5/1/2020
2018,Alajuela,Grado: Estudios Ingleses,Grado,Graduado,Mujeres,47,0,0,0,4.66,89.98,5/1/2020
2018,Alajuela,Grado: Estudios Ingleses,Grado,Incumple RÃ©gimen de permanencia,Hombres,0,1,0,0,,,5/1/2020
2018,Alajuela,Grado: Estudios Ingleses,Grado,Incumple RÃ©gimen de permanencia,Mujeres,0,2,1,0,,,5/1/2020
2018,Alajuela,Grado: Estudios Ingleses,Grado,Traslado a otra Universidad,Hombres,0,0,0,1,,,5/1/2020
2018,Alajuela,Grado: Estudios Ingleses,Grado,Traslado a otra Universidad,Mujeres,0,0,0,4,,,5/1/2020
2018,Alajuela,Grado: FilologÃ­a HispÃ¡nica,Grado,Abandono Voluntario,Hombres,0,13,9,0,,,5/1/2020
2018,Alajuela,Grado: FilologÃ­a HispÃ¡nica,Grado,Abandono Voluntario,Mujeres,0,8,2,0,,,5/1/2020
2018,Alajuela,Grado: FilologÃ­a HispÃ¡nica,Grado,Cambio de estudios sin simultaneidad,Hombres,0,2,2,0,,,5/1/2020
2018,Alajuela,Grado: FilologÃ­a HispÃ¡nica,Grado,Cambio de estudios sin simultaneidad,Mujeres,0,4,3,0,,,5/1/2020
2018,Alajuela,Grado: FilologÃ­a HispÃ¡nica,Grado,Graduado,Hombres,8,0,0,0,4.71,92.22,5/1/2020
2018,Alajuela,Grado: FilologÃ­a HispÃ¡nica,Grado,Graduado,Mujeres,33,0,0,0,4.88,87.66,5/1/2020
2018,Alajuela,Grado: FilologÃ­a HispÃ¡nica,Grado,Incumple RÃ©gimen de permanencia,Hombres,0,2,1,0,,,5/1/2020
2018,Alajuela,Grado: FilologÃ­a HispÃ¡nica,Grado,Incumple RÃ©gimen de permanencia,Mujeres,0,3,3,0,,,5/1/2020
2018,Alajuela,Grado: FilologÃ­a HispÃ¡nica,Grado,Traslado a otra Universidad,Hombres,0,0,0,2,,,5/1/2020
2018,Alajuela,Grado: FilologÃ­a HispÃ¡nica,Grado,Traslado a otra Universidad,Mujeres,0,0,0,4,,,5/1/2020
2018,Alajuela,Grado: FilosofÃ­a,Grado,Abandono Voluntario,Hombres,0,6,2,0,,,5/1/2020
2018,Alajuela,Grado: FilosofÃ­a,Grado,Abandono Voluntario,Mujeres,0,6,3,0,,,5/1/2020
2018,Alajuela,Grado: FilosofÃ­a,Grado,Cambio de estudios sin simultaneidad,Hombres,0,2,1,0,,,5/1/2020
2018,Alajuela,Grado: FilosofÃ­a,Grado,Cambio de estudios sin simultaneidad,Mujeres,0,1,1,0,,,5/1/2020
2018,Alajuela,Grado: FilosofÃ­a,Grado,Graduado,Hombres,8,0,0,0,4.62,90.65,5/1/2020
2018,Alajuela,Grado: FilosofÃ­a,Grado,Graduado,Mujeres,9,0,0,0,4.44,87.53,5/1/2020
2018,Alajuela,Grado: FilosofÃ­a,Grado,Incumple RÃ©gimen de permanencia,Hombres,0,2,1,0,,,5/1/2020
2018,Alajuela,Grado: FilosofÃ­a,Grado,Incumple RÃ©gimen de permanencia,Mujeres,0,1,1,0,,,5/1/2020
2018,Alajuela,Grado: FilosofÃ­a,Grado,Traslado a otra Universidad,Hombres,0,0,0,1,,,5/1/2020
2018,Alajuela,Grado: Finanzas y Contabilidad,Grado,Abandono Voluntario,Hombres,0,31,16,0,,,5/1/2020
2017,Alajuela,Grado: Finanzas y Contabilidad,Grado,Abandono Voluntario,Mujeres,0,21,8,0,,,5/1/2020
2017,Alajuela,Grado: Finanzas y Contabilidad,Grado,Cambio de estudios sin simultaneidad,Hombres,0,5,4,0,,,5/1/2020
2017,Alajuela,Grado: Finanzas y Contabilidad,Grado,Cambio de estudios sin simultaneidad,Mujeres,0,14,11,0,,,5/1/2020
2017,Alajuela,Grado: Finanzas y Contabilidad,Grado,Graduado,Hombres,34,0,0,0,5.07,83.69,5/1/2020
2017,Alajuela,Grado: Finanzas y Contabilidad,Grado,Graduado,Mujeres,34,0,0,0,5.27,84.6,5/1/2020
2017,Alajuela,Grado: Finanzas y Contabilidad,Grado,Incumple RÃ©gimen de permanencia,Hombres,0,9,6,0,,,5/1/2020
2017,Alajuela,Grado: Finanzas y Contabilidad,Grado,Incumple RÃ©gimen de permanencia,Mujeres,0,7,3,0,,,5/1/2020
2017,Alajuela,Grado: Finanzas y Contabilidad,Grado,Traslado a otra Universidad,Hombres,0,0,0,2,,,5/1/2020
2017,Alajuela,Grado: Finanzas y Contabilidad,Grado,Traslado a otra Universidad,Mujeres,0,0,0,6,,,5/1/2020
2017,Alajuela,Grado: FÃ­sica,Grado,Abandono Voluntario,Hombres,0,11,2,0,,,5/1/2020
2017,Alajuela,Grado: FÃ­sica,Grado,Abandono Voluntario,Mujeres,0,2,1,0,,,5/1/2020
2017,Alajuela,Grado: FÃ­sica,Grado,Cambio de estudios sin simultaneidad,Hombres,0,2,1,0,,,5/1/2020
2017,Alajuela,Grado: FÃ­sica,Grado,Cambio de estudios sin simultaneidad,Mujeres,0,7,3,0,,,5/1/2020
2017,Alajuela,Grado: FÃ­sica,Grado,Graduado,Hombres,30,0,0,0,4.63,89.32,5/1/2020
2017,Alajuela,Grado: FÃ­sica,Grado,Graduado,Mujeres,3,0,0,0,4,99.16,5/1/2020
2017,Alajuela,Grado: FÃ­sica,Grado,Incumple RÃ©gimen de permanencia,Hombres,0,3,0,0,,,5/1/2020
2017,Alajuela,Grado: FÃ­sica,Grado,Incumple RÃ©gimen de permanencia,Mujeres,0,2,0,0,,,5/1/2020
2017,Alajuela,Grado: FÃ­sica,Grado,Traslado a otra Universidad,Hombres,0,0,0,4,,,5/1/2020
2017,Alajuela,Grado: FÃ­sica,Grado,Traslado a otra Universidad,Mujeres,0,0,0,5,,,5/1/2020
2017,Alajuela,Grado: Fisioterapia,Grado,Abandono Voluntario,Hombres,0,1,1,0,,,5/1/2020
2017,Alajuela,Grado: Fisioterapia,Grado,Abandono Voluntario,Mujeres,0,3,3,0,,,5/1/2020
2017,Alajuela,Grado: Fisioterapia,Grado,Cambio de estudios sin simultaneidad,Mujeres,0,2,2,0,,,5/1/2020
2017,Alajuela,Grado: Fisioterapia,Grado,Graduado,Hombres,21,0,0,0,4,94.12,5/1/2020
2017,Alajuela,Grado: Fisioterapia,Grado,Graduado,Mujeres,32,0,0,0,4.03,97.32,5/1/2020
2017,Alajuela,Grado: Fisioterapia,Grado,Traslado a otra Universidad,Mujeres,0,0,0,1,,,5/1/2020
2017,Alajuela,Grado: GeografÃ­a y OrdenaciÃ³n del Territorio,Grado,Abandono Voluntario,Hombres,0,12,8,0,,,5/1/2020
2017,Alajuela,Grado: GeografÃ­a y OrdenaciÃ³n del Territorio,Grado,Abandono Voluntario,Mujeres,0,3,0,0,,,5/1/2020
2017,Alajuela,Grado: GeografÃ­a y OrdenaciÃ³n del Territorio,Grado,Graduado,Hombres,30,0,0,0,4.72,92.47,5/1/2020
2017,Alajuela,Grado: GeografÃ­a y OrdenaciÃ³n del Territorio,Grado,Graduado,Mujeres,6,0,0,0,4.17,96.19,5/1/2020
2017,Alajuela,Grado: GeografÃ­a y OrdenaciÃ³n del Territorio,Grado,Incumple RÃ©gimen de permanencia,Hombres,0,1,1,0,,,5/1/2020
2017,Alajuela,Grado: GeografÃ­a y OrdenaciÃ³n del Territorio,Grado,Traslado a otra Universidad,Mujeres,0,0,0,1,,,5/1/2020
2017,Alajuela,Grado: GeologÃ­a,Grado,Abandono Voluntario,Hombres,0,12,4,0,,,5/1/2020
2017,Alajuela,Grado: GeologÃ­a,Grado,Abandono Voluntario,Mujeres,0,8,4,0,,,5/1/2020
2017,Alajuela,Grado: GeologÃ­a,Grado,Cambio de estudios sin simultaneidad,Hombres,0,3,3,0,,,5/1/2020
2017,Alajuela,Grado: GeologÃ­a,Grado,Cambio de estudios sin simultaneidad,Mujeres,0,1,1,0,,,5/1/2020
2017,Alajuela,Grado: GeologÃ­a,Grado,Graduado,Hombres,5,0,0,0,5.2,81.16,5/1/2020
2017,Alajuela,Grado: GeologÃ­a,Grado,Graduado,Mujeres,3,0,0,0,5,86.68,5/1/2020
2017,Alajuela,Grado: GeologÃ­a,Grado,Incumple RÃ©gimen de permanencia,Hombres,0,3,2,0,,,5/1/2020
2017,Alajuela,Grado: GeologÃ­a,Grado,Traslado a otra Universidad,Hombres,0,0,0,2,,,5/1/2020
2017,Alajuela,Grado: Historia,Grado,Abandono Voluntario,Hombres,0,40,13,0,,,5/1/2020
2017,Alajuela,Grado: Historia,Grado,Abandono Voluntario,Mujeres,0,9,0,0,,,5/1/2020
2017,Alajuela,Grado: Historia,Grado,Cambio de estudios sin simultaneidad,Hombres,0,2,1,0,,,5/1/2020
2017,Alajuela,Grado: Historia,Grado,Graduado,Hombres,44,0,0,0,5.1,88.84,5/1/2020
2017,Alajuela,Grado: Historia,Grado,Graduado,Mujeres,25,0,0,0,4.75,92.43,5/1/2020
2017,Alajuela,Grado: Historia,Grado,Incumple RÃ©gimen de permanencia,Hombres,0,3,3,0,,,5/1/2020
2017,Alajuela,Grado: Historia,Grado,Incumple RÃ©gimen de permanencia,Mujeres,0,1,1,0,,,5/1/2020
2017,Alajuela,Grado: Historia,Grado,Traslado a otra Universidad,Hombres,0,0,0,8,,,5/1/2020
2017,Alajuela,Grado: Historia,Grado,Traslado a otra Universidad,Mujeres,0,0,0,1,,,5/1/2020
2017,Alajuela,Grado: Historia del Arte,Grado,Abandono Voluntario,Hombres,0,13,7,0,,,5/1/2020
2017,Alajuela,Grado: Historia del Arte,Grado,Abandono Voluntario,Mujeres,0,23,12,0,,,5/1/2020
2017,Alajuela,Grado: Historia del Arte,Grado,Graduado,Hombres,8,0,0,0,4.38,88.46,5/1/2020
2017,Alajuela,Grado: Historia del Arte,Grado,Graduado,Mujeres,16,0,0,0,5,88.99,5/1/2020
2017,Alajuela,Grado: Historia del Arte,Grado,Incumple RÃ©gimen de permanencia,Mujeres,0,1,0,0,,,5/1/2020
2017,Alajuela,Grado: Historia del Arte,Grado,Traslado a otra Universidad,Hombres,0,0,0,1,,,5/1/2020
2017,Alajuela,Grado: Historia del Arte,Grado,Traslado a otra Universidad,Mujeres,0,0,0,2,,,5/1/2020
2017,Alajuela,Grado: InformaciÃ³n y DocumentaciÃ³n,Grado,Abandono Voluntario,Hombres,0,5,3,0,,,5/1/2020
2017,Alajuela,Grado: InformaciÃ³n y DocumentaciÃ³n,Grado,Abandono Voluntario,Mujeres,0,4,2,0,,,5/1/2020
2017,Alajuela,Grado: InformaciÃ³n y DocumentaciÃ³n,Grado,Graduado,Hombres,7,0,0,0,4,95.76,5/1/2020
2017,Alajuela,Grado: InformaciÃ³n y DocumentaciÃ³n,Grado,Graduado,Mujeres,11,0,0,0,4.67,94.6,5/1/2020
2017,Alajuela,Grado: InformaciÃ³n y DocumentaciÃ³n,Grado,Traslado a otra Universidad,Hombres,0,0,0,1,,,5/1/2020
2017,Alajuela,Grado: IngenierÃ­a de OrganizaciÃ³n Industrial,Grado,Abandono Voluntario,Hombres,0,17,14,0,,,5/1/2020
2017,Alajuela,Grado: IngenierÃ­a de OrganizaciÃ³n Industrial,Grado,Abandono Voluntario,Mujeres,0,2,2,0,,,5/1/2020
2017,Alajuela,Grado: IngenierÃ­a de OrganizaciÃ³n Industrial,Grado,Cambio de estudios sin simultaneidad,Hombres,0,1,1,0,,,5/1/2020
2017,Alajuela,Grado: IngenierÃ­a de OrganizaciÃ³n Industrial,Grado,Graduado,Hombres,134,0,0,0,5.52,89.62,5/1/2020
2017,Alajuela,Grado: IngenierÃ­a de OrganizaciÃ³n Industrial,Grado,Graduado,Mujeres,6,0,0,0,5.5,93.83,5/1/2020
2017,Alajuela,Grado: IngenierÃ­a de OrganizaciÃ³n Industrial,Grado,Traslado a otra Universidad,Hombres,0,0,0,79,,,5/1/2020
2017,Alajuela,Grado: IngenierÃ­a de OrganizaciÃ³n Industrial,Grado,Traslado a otra Universidad,Mujeres,0,0,0,10,,,5/1/2020
2017,Alajuela,Grado: IngenierÃ­a de TecnologÃ­as Industriales,Grado,Abandono Voluntario,Hombres,0,8,3,0,,,5/1/2020
2017,Alajuela,Grado: IngenierÃ­a de TecnologÃ­as Industriales,Grado,Abandono Voluntario,Mujeres,0,2,0,0,,,5/1/2020
2017,Alajuela,Grado: IngenierÃ­a de TecnologÃ­as Industriales,Grado,Cambio de estudios sin simultaneidad,Hombres,0,19,10,0,,,5/1/2020
2017,Alajuela,Grado: IngenierÃ­a de TecnologÃ­as Industriales,Grado,Cambio de estudios sin simultaneidad,Mujeres,0,7,2,0,,,5/1/2020
2017,Alajuela,Grado: IngenierÃ­a de TecnologÃ­as Industriales,Grado,Graduado,Hombres,71,0,0,0,5.19,82.34,5/1/2020
2017,Alajuela,Grado: IngenierÃ­a de TecnologÃ­as Industriales,Grado,Graduado,Mujeres,30,0,0,0,5.14,80,5/1/2020
2017,Alajuela,Grado: IngenierÃ­a de TecnologÃ­as Industriales,Grado,Incumple RÃ©gimen de permanencia,Hombres,0,16,4,0,,,5/1/2020
2017,Alajuela,Grado: IngenierÃ­a de TecnologÃ­as Industriales,Grado,Incumple RÃ©gimen de permanencia,Mujeres,0,7,0,0,,,5/1/2020
2017,Alajuela,Grado: IngenierÃ­a de TecnologÃ­as Industriales,Grado,Traslado a otra Universidad,Hombres,0,0,0,4,,,5/1/2020
2017,Alajuela,Grado: IngenierÃ­a de TecnologÃ­as Industriales,Grado,Traslado a otra Universidad,Mujeres,0,0,0,3,,,5/1/2020
2017,Alajuela,Grado: IngenierÃ­a de TecnologÃ­as y Servicios de TelecomunicaciÃ³n,Grado,Abandono Voluntario,Hombres,0,18,14,0,,,5/1/2020
2017,Alajuela,Grado: IngenierÃ­a de TecnologÃ­as y Servicios de TelecomunicaciÃ³n,Grado,Abandono Voluntario,Mujeres,0,2,1,0,,,5/1/2020
2017,Alajuela,Grado: IngenierÃ­a de TecnologÃ­as y Servicios de TelecomunicaciÃ³n,Grado,Cambio de estudios sin simultaneidad,Hombres,0,4,3,0,,,5/1/2020
2017,Alajuela,Grado: IngenierÃ­a de TecnologÃ­as y Servicios de TelecomunicaciÃ³n,Grado,Graduado,Hombres,31,0,0,0,5.58,77.78,5/1/2020
2017,Alajuela,Grado: IngenierÃ­a de TecnologÃ­as y Servicios de TelecomunicaciÃ³n,Grado,Graduado,Mujeres,9,0,0,0,4.62,89.55,5/1/2020
2017,Alajuela,Grado: IngenierÃ­a de TecnologÃ­as y Servicios de TelecomunicaciÃ³n,Grado,Incumple RÃ©gimen de permanencia,Hombres,0,24,17,0,,,5/1/2020
2017,Alajuela,Grado: IngenierÃ­a de TecnologÃ­as y Servicios de TelecomunicaciÃ³n,Grado,Incumple RÃ©gimen de permanencia,Mujeres,0,3,3,0,,,5/1/2020
2017,Alajuela,Grado: IngenierÃ­a de TecnologÃ­as y Servicios de TelecomunicaciÃ³n,Grado,Traslado a otra Universidad,Hombres,0,0,0,4,,,5/1/2020
2017,Alajuela,Grado: IngenierÃ­a de TecnologÃ­as y Servicios de TelecomunicaciÃ³n,Grado,Traslado a otra Universidad,Mujeres,0,0,0,2,,,5/1/2020
2017,Alajuela,Grado: IngenierÃ­a Electrica,Grado,Abandono Voluntario,Hombres,0,31,15,0,,,5/1/2020
2017,Alajuela,Grado: IngenierÃ­a Electrica,Grado,Abandono Voluntario,Mujeres,0,3,3,0,,,5/1/2020
2017,Alajuela,Grado: IngenierÃ­a Electrica,Grado,Cambio de estudios sin simultaneidad,Hombres,0,5,5,0,,,5/1/2020
2017,Alajuela,Grado: IngenierÃ­a Electrica,Grado,Cambio de estudios sin simultaneidad,Mujeres,0,1,0,0,,,5/1/2020
2017,Alajuela,Grado: IngenierÃ­a Electrica,Grado,Graduado,Hombres,30,0,0,0,6.14,75.17,5/1/2020
2017,Alajuela,Grado: IngenierÃ­a Electrica,Grado,Graduado,Mujeres,6,0,0,0,5.33,81.66,5/1/2020
2017,Alajuela,Grado: IngenierÃ­a Electrica,Grado,Incumple RÃ©gimen de permanencia,Hombres,0,9,6,0,,,5/1/2020
2017,Alajuela,Grado: IngenierÃ­a Electrica,Grado,Incumple RÃ©gimen de permanencia,Mujeres,0,2,1,0,,,5/1/2020
2017,Alajuela,Grado: IngenierÃ­a Electrica,Grado,Traslado a otra Universidad,Hombres,0,0,0,4,,,5/1/2020
2017,Alajuela,Grado: IngenierÃ­a Electrica,Grado,Traslado a otra Universidad,Mujeres,0,0,0,1,,,5/1/2020
2017,Alajuela,Grado: IngenierÃ­a ElectrÃ³nica y AutomÃ¡tica,Grado,Abandono Voluntario,Hombres,0,35,22,0,,,5/1/2020
2017,Alajuela,Grado: IngenierÃ­a ElectrÃ³nica y AutomÃ¡tica,Grado,Abandono Voluntario,Mujeres,0,4,1,0,,,5/1/2020
2017,Alajuela,Grado: IngenierÃ­a ElectrÃ³nica y AutomÃ¡tica,Grado,Cambio de estudios sin simultaneidad,Hombres,0,5,2,0,,,5/1/2020
2017,Alajuela,Grado: IngenierÃ­a ElectrÃ³nica y AutomÃ¡tica,Grado,Cambio de estudios sin simultaneidad,Mujeres,0,3,3,0,,,5/1/2020
2017,Alajuela,Grado: IngenierÃ­a ElectrÃ³nica y AutomÃ¡tica,Grado,Graduado,Hombres,38,0,0,0,6.21,74.15,5/1/2020
2017,Alajuela,Grado: IngenierÃ­a ElectrÃ³nica y AutomÃ¡tica,Grado,Graduado,Mujeres,5,0,0,0,5.2,86.48,5/1/2020
2017,Alajuela,Grado: IngenierÃ­a ElectrÃ³nica y AutomÃ¡tica,Grado,Incumple RÃ©gimen de permanencia,Hombres,0,22,15,0,,,5/1/2020
2017,Alajuela,Grado: IngenierÃ­a ElectrÃ³nica y AutomÃ¡tica,Grado,Incumple RÃ©gimen de permanencia,Mujeres,0,1,1,0,,,5/1/2020
2017,Alajuela,Grado: IngenierÃ­a ElectrÃ³nica y AutomÃ¡tica,Grado,Traslado a otra Universidad,Hombres,0,0,0,2,,,5/1/2020
2017,Alajuela,Grado: IngenierÃ­a ElectrÃ³nica y AutomÃ¡tica,Grado,Traslado a otra Universidad,Mujeres,0,0,0,1,,,5/1/2020
2017,Alajuela,Grado: IngenierÃ­a InformÃ¡tica,Grado,Abandono Voluntario,Hombres,0,22,8,0,,,5/1/2020
2017,Alajuela,Grado: IngenierÃ­a InformÃ¡tica,Grado,Abandono Voluntario,Mujeres,0,1,0,0,,,5/1/2020
2017,Alajuela,Grado: IngenierÃ­a InformÃ¡tica,Grado,Cambio de estudios sin simultaneidad,Hombres,0,6,4,0,,,5/1/2020
2017,Alajuela,Grado: IngenierÃ­a InformÃ¡tica,Grado,Cambio de estudios sin simultaneidad,Mujeres,0,1,1,0,,,5/1/2020
2017,Alajuela,Grado: IngenierÃ­a InformÃ¡tica,Grado,Graduado,Hombres,46,0,0,0,5.31,83.34,5/1/2020
2017,Alajuela,Grado: IngenierÃ­a InformÃ¡tica,Grado,Graduado,Mujeres,7,0,0,0,5.57,77.77,5/1/2020
2017,Alajuela,Grado: IngenierÃ­a InformÃ¡tica,Grado,Incumple RÃ©gimen de permanencia,Hombres,0,2,2,0,,,5/1/2020
2017,Alajuela,Grado: IngenierÃ­a InformÃ¡tica,Grado,Incumple RÃ©gimen de permanencia,Mujeres,0,2,2,0,,,5/1/2020
2017,Alajuela,Grado: IngenierÃ­a InformÃ¡tica,Grado,Traslado a otra Universidad,Hombres,0,0,0,5,,,5/1/2020
2017,Alajuela,Grado: IngenierÃ­a InformÃ¡tica,Grado,Traslado a otra Universidad,Mujeres,0,0,0,1,,,5/1/2020
2017,Alajuela,Grado: IngenierÃ­a MecÃ¡nica,Grado,Abandono Voluntario,Hombres,0,65,30,0,,,5/1/2020
2017,Alajuela,Grado: IngenierÃ­a MecÃ¡nica,Grado,Abandono Voluntario,Mujeres,0,9,5,0,,,5/1/2020
2017,Alajuela,Grado: IngenierÃ­a MecÃ¡nica,Grado,Cambio de estudios sin simultaneidad,Hombres,0,19,10,0,,,5/1/2020
2017,Alajuela,Grado: IngenierÃ­a MecÃ¡nica,Grado,Cambio de estudios sin simultaneidad,Mujeres,0,5,4,0,,,5/1/2020
2017,Alajuela,Grado: IngenierÃ­a MecÃ¡nica,Grado,Graduado,Hombres,109,0,0,0,5.78,76.85,5/1/2020
2017,Alajuela,Grado: IngenierÃ­a MecÃ¡nica,Grado,Graduado,Mujeres,15,0,0,0,5.36,79.61,5/1/2020
2019,Alajuela,Grado: IngenierÃ­a MecÃ¡nica,Grado,Incumple RÃ©gimen de permanencia,Hombres,0,38,23,0,,,5/1/2020
2019,Alajuela,Grado: IngenierÃ­a MecÃ¡nica,Grado,Incumple RÃ©gimen de permanencia,Mujeres,0,8,4,0,,,5/1/2020
2019,Alajuela,Grado: IngenierÃ­a MecÃ¡nica,Grado,Traslado a otra Universidad,Hombres,0,0,0,15,,,5/1/2020
2019,Alajuela,Grado: IngenierÃ­a MecÃ¡nica,Grado,Traslado a otra Universidad,Mujeres,0,0,0,6,,,5/1/2020
2019,Alajuela,Grado: IngenierÃ­a QuÃ­mica,Grado,Abandono Voluntario,Hombres,0,15,6,0,,,5/1/2020
2019,Alajuela,Grado: IngenierÃ­a QuÃ­mica,Grado,Abandono Voluntario,Mujeres,0,7,4,0,,,5/1/2020
2019,Alajuela,Grado: IngenierÃ­a QuÃ­mica,Grado,Cambio de estudios sin simultaneidad,Hombres,0,3,3,0,,,5/1/2020
2019,Alajuela,Grado: IngenierÃ­a QuÃ­mica,Grado,Cambio de estudios sin simultaneidad,Mujeres,0,4,3,0,,,5/1/2020
2019,Alajuela,Grado: IngenierÃ­a QuÃ­mica,Grado,Graduado,Hombres,21,0,0,0,5.06,82.7,5/1/2020
2019,Alajuela,Grado: IngenierÃ­a QuÃ­mica,Grado,Graduado,Mujeres,15,0,0,0,4.8,92.25,5/1/2020
2019,Alajuela,Grado: IngenierÃ­a QuÃ­mica,Grado,Incumple RÃ©gimen de permanencia,Hombres,0,6,4,0,,,5/1/2020
2019,Alajuela,Grado: IngenierÃ­a QuÃ­mica,Grado,Incumple RÃ©gimen de permanencia,Mujeres,0,2,2,0,,,5/1/2020
2019,Alajuela,Grado: IngenierÃ­a QuÃ­mica,Grado,Traslado a otra Universidad,Hombres,0,0,0,6,,,5/1/2020
2019,Alajuela,Grado: IngenierÃ­a QuÃ­mica,Grado,Traslado a otra Universidad,Mujeres,0,0,0,4,,,5/1/2020
2019,Alajuela,Grado: Ingeniero en DiseÃ±o Industrial y Desarrollo de Producto,Grado,Abandono Voluntario,Hombres,0,5,2,0,,,5/1/2020
2019,Alajuela,Grado: Ingeniero en DiseÃ±o Industrial y Desarrollo de Producto,Grado,Abandono Voluntario,Mujeres,0,3,1,0,,,5/1/2020
2019,Alajuela,Grado: Ingeniero en DiseÃ±o Industrial y Desarrollo de Producto,Grado,Cambio de estudios sin simultaneidad,Hombres,0,1,0,0,,,5/1/2020
2019,Alajuela,Grado: Ingeniero en DiseÃ±o Industrial y Desarrollo de Producto,Grado,Graduado,Hombres,26,0,0,0,4.21,88.83,5/1/2020
2019,Alajuela,Grado: Ingeniero en DiseÃ±o Industrial y Desarrollo de Producto,Grado,Graduado,Mujeres,35,0,0,0,4.21,86.52,5/1/2020
2019,Alajuela,Grado: Ingeniero en DiseÃ±o Industrial y Desarrollo de Producto,Grado,Incumple RÃ©gimen de permanencia,Hombres,0,1,1,0,,,5/1/2020
2019,Alajuela,Grado: Ingeniero en DiseÃ±o Industrial y Desarrollo de Producto,Grado,Traslado a otra Universidad,Hombres,0,0,0,1,,,5/1/2020
2019,Alajuela,Grado: Ingeniero en DiseÃ±o Industrial y Desarrollo de Producto,Grado,Traslado a otra Universidad,Mujeres,0,0,0,1,,,5/1/2020
2019,Alajuela,Grado: Lenguas Modernas,Grado,Abandono Voluntario,Hombres,0,3,2,0,,,5/1/2020
2019,Alajuela,Grado: Lenguas Modernas,Grado,Abandono Voluntario,Mujeres,0,9,5,0,,,5/1/2020
2019,Alajuela,Grado: Lenguas Modernas,Grado,Cambio de estudios sin simultaneidad,Hombres,0,1,1,0,,,5/1/2020
2019,Alajuela,Grado: Lenguas Modernas,Grado,Cambio de estudios sin simultaneidad,Mujeres,0,3,3,0,,,5/1/2020
2019,Alajuela,Grado: Lenguas Modernas,Grado,Graduado,Hombres,5,0,0,0,4.4,96.69,5/1/2020
2019,Alajuela,Grado: Lenguas Modernas,Grado,Graduado,Mujeres,23,0,0,0,4.54,93.57,5/1/2020
2019,Alajuela,Grado: Lenguas Modernas,Grado,Incumple RÃ©gimen de permanencia,Mujeres,0,1,1,0,,,5/1/2020
2019,Alajuela,Grado: Magisterio en EducaciÃ³n Infantil,Grado,Abandono Voluntario,Hombres,0,1,0,0,,,5/1/2020
2019,Alajuela,Grado: Magisterio en EducaciÃ³n Infantil,Grado,Abandono Voluntario,Mujeres,0,15,4,0,,,5/1/2020
2019,Alajuela,Grado: Magisterio en EducaciÃ³n Infantil,Grado,Cambio de estudios sin simultaneidad,Mujeres,0,1,1,0,,,5/1/2020
2019,Alajuela,Grado: Magisterio en EducaciÃ³n Infantil,Grado,Graduado,Hombres,2,0,0,0,4,100,5/1/2020
2019,Alajuela,Grado: Magisterio en EducaciÃ³n Infantil,Grado,Graduado,Mujeres,107,0,0,0,4.21,96.13,5/1/2020
2019,Alajuela,Grado: Magisterio en EducaciÃ³n Infantil,Grado,Traslado a otra Universidad,Mujeres,0,0,0,1,,,5/1/2020
2019,Alajuela,Grado: Magisterio en EducaciÃ³n Primaria,Grado,Abandono Voluntario,Hombres,0,18,9,0,,,5/1/2020
2019,Alajuela,Grado: Magisterio en EducaciÃ³n Primaria,Grado,Abandono Voluntario,Mujeres,0,19,8,0,,,5/1/2020
2019,Alajuela,Grado: Magisterio en EducaciÃ³n Primaria,Grado,Cambio de estudios sin simultaneidad,Hombres,0,1,1,0,,,5/1/2020
2019,Alajuela,Grado: Magisterio en EducaciÃ³n Primaria,Grado,Cambio de estudios sin simultaneidad,Mujeres,0,2,2,0,,,5/1/2020
2019,Alajuela,Grado: Magisterio en EducaciÃ³n Primaria,Grado,Graduado,Hombres,53,0,0,0,4.82,89.24,5/1/2020
2019,Alajuela,Grado: Magisterio en EducaciÃ³n Primaria,Grado,Graduado,Mujeres,177,0,0,0,4.27,95.01,5/1/2020
2019,Alajuela,Grado: Magisterio en EducaciÃ³n Primaria,Grado,Incumple RÃ©gimen de permanencia,Hombres,0,1,0,0,,,5/1/2020
2019,Alajuela,Grado: Magisterio en EducaciÃ³n Primaria,Grado,Traslado a otra Universidad,Mujeres,0,0,0,2,,,5/1/2020
2019,Alajuela,Grado: Marketing e InvestigaciÃ³n de Mercados,Grado,Abandono Voluntario,Hombres,0,21,11,0,,,5/1/2020
2019,Alajuela,Grado: Marketing e InvestigaciÃ³n de Mercados,Grado,Abandono Voluntario,Mujeres,0,20,5,0,,,5/1/2020
2019,Alajuela,Grado: Marketing e InvestigaciÃ³n de Mercados,Grado,Cambio de estudios sin simultaneidad,Hombres,0,9,7,0,,,5/1/2020
2019,Alajuela,Grado: Marketing e InvestigaciÃ³n de Mercados,Grado,Cambio de estudios sin simultaneidad,Mujeres,0,3,3,0,,,5/1/2020
2019,Alajuela,Grado: Marketing e InvestigaciÃ³n de Mercados,Grado,Graduado,Hombres,33,0,0,0,5.29,88.06,5/1/2020
2019,Alajuela,Grado: Marketing e InvestigaciÃ³n de Mercados,Grado,Graduado,Mujeres,39,0,0,0,5,86.55,5/1/2020
2019,Alajuela,Grado: Marketing e InvestigaciÃ³n de Mercados,Grado,Incumple RÃ©gimen de permanencia,Mujeres,0,1,0,0,,,5/1/2020
2019,Alajuela,Grado: Marketing e InvestigaciÃ³n de Mercados,Grado,Traslado a otra Universidad,Hombres,0,0,0,3,,,5/1/2020
2019,Alajuela,Grado: Marketing e InvestigaciÃ³n de Mercados,Grado,Traslado a otra Universidad,Mujeres,0,0,0,4,,,5/1/2020
2019,Alajuela,Grado: MatemÃ¡ticas,Grado,Abandono Voluntario,Hombres,0,8,3,0,,,5/1/2020
2019,Alajuela,Grado: MatemÃ¡ticas,Grado,Abandono Voluntario,Mujeres,0,6,3,0,,,5/1/2020
2019,Alajuela,Grado: MatemÃ¡ticas,Grado,Cambio de estudios sin simultaneidad,Hombres,0,2,2,0,,,5/1/2020
2019,Alajuela,Grado: MatemÃ¡ticas,Grado,Cambio de estudios sin simultaneidad,Mujeres,0,2,1,0,,,5/1/2020
2019,Alajuela,Grado: MatemÃ¡ticas,Grado,Graduado,Hombres,17,0,0,0,5.53,76.62,5/1/2020
2019,Alajuela,Grado: MatemÃ¡ticas,Grado,Graduado,Mujeres,10,0,0,0,5.67,77.03,5/1/2020
2019,Alajuela,Grado: MatemÃ¡ticas,Grado,Incumple RÃ©gimen de permanencia,Hombres,0,5,2,0,,,5/1/2020
2019,Alajuela,Grado: MatemÃ¡ticas,Grado,Incumple RÃ©gimen de permanencia,Mujeres,0,4,3,0,,,5/1/2020
2019,Alajuela,Grado: MatemÃ¡ticas,Grado,Traslado a otra Universidad,Hombres,0,0,0,6,,,5/1/2020
2019,Alajuela,Grado: MatemÃ¡ticas,Grado,Traslado a otra Universidad,Mujeres,0,0,0,2,,,5/1/2020
2019,Alajuela,Grado: Medicina,Grado,Abandono Voluntario,Hombres,0,7,4,0,,,5/1/2020
2019,Alajuela,Grado: Medicina,Grado,Abandono Voluntario,Mujeres,0,10,4,0,,,5/1/2020
2019,Alajuela,Grado: Medicina,Grado,Cambio de estudios sin simultaneidad,Mujeres,0,2,2,0,,,5/1/2020
2019,Alajuela,Grado: Medicina,Grado,Graduado,Hombres,89,0,0,0,6.12,96.13,5/1/2020
2019,Alajuela,Grado: Medicina,Grado,Graduado,Mujeres,187,0,0,0,6.03,97.82,5/1/2020
2019,Alajuela,Grado: Medicina,Grado,Incumple RÃ©gimen de permanencia,Mujeres,0,1,0,0,,,5/1/2020
2019,Alajuela,Grado: Medicina,Grado,Traslado a otra Universidad,Hombres,0,0,0,1,,,5/1/2020
2019,Alajuela,Grado: Medicina,Grado,Traslado a otra Universidad,Mujeres,0,0,0,1,,,5/1/2020
2019,Alajuela,Grado: Ãptica y OptometrÃ­a,Grado,Abandono Voluntario,Hombres,0,6,3,0,,,5/1/2020
2019,Alajuela,Grado: Ãptica y OptometrÃ­a,Grado,Abandono Voluntario,Mujeres,0,3,2,0,,,5/1/2020
2019,Alajuela,Grado: Ãptica y OptometrÃ­a,Grado,Graduado,Hombres,8,0,0,0,4.25,93.93,5/1/2020
2019,Alajuela,Grado: Ãptica y OptometrÃ­a,Grado,Graduado,Mujeres,33,0,0,0,4.35,89.94,5/1/2020
2019,Alajuela,Grado: Ãptica y OptometrÃ­a,Grado,Incumple RÃ©gimen de permanencia,Mujeres,0,1,0,0,,,5/1/2020
2019,Alajuela,Grado: Periodismo,Grado,Abandono Voluntario,Hombres,0,3,0,0,,,5/1/2020
2019,Alajuela,Grado: Periodismo,Grado,Abandono Voluntario,Mujeres,0,5,1,0,,,5/1/2020
2019,Alajuela,Grado: Periodismo,Grado,Cambio de estudios sin simultaneidad,Hombres,0,1,0,0,,,5/1/2020
2019,Alajuela,Grado: Periodismo,Grado,Graduado,Hombres,20,0,0,0,4.56,96.75,5/1/2020
2019,Alajuela,Grado: Periodismo,Grado,Graduado,Mujeres,26,0,0,0,4.08,99.2,5/1/2020
2019,Alajuela,Grado: Periodismo,Grado,Traslado a otra Universidad,Hombres,0,0,0,1,,,5/1/2020
2019,Alajuela,Grado: Programa conjunto ADE/Derecho,Grado,Abandono Voluntario,Mujeres,0,2,1,0,,,5/1/2020
2019,Alajuela,Grado: Programa conjunto ADE/Derecho,Grado,Cambio de estudios sin simultaneidad,Mujeres,0,1,1,0,,,5/1/2020
2019,Alajuela,Grado: QuÃ­mica,Grado,Abandono Voluntario,Hombres,0,13,4,0,,,5/1/2020
2019,Alajuela,Grado: QuÃ­mica,Grado,Abandono Voluntario,Mujeres,0,14,1,0,,,5/1/2020
2019,Alajuela,Grado: QuÃ­mica,Grado,Cambio de estudios sin simultaneidad,Hombres,0,7,1,0,,,5/1/2020
2019,Alajuela,Grado: QuÃ­mica,Grado,Cambio de estudios sin simultaneidad,Mujeres,0,5,2,0,,,5/1/2020
2019,Alajuela,Grado: QuÃ­mica,Grado,Graduado,Hombres,45,0,0,0,4.89,82.67,5/1/2020
2019,Alajuela,Grado: QuÃ­mica,Grado,Graduado,Mujeres,49,0,0,0,4.89,84.65,5/1/2020
2019,Alajuela,Grado: QuÃ­mica,Grado,Incumple RÃ©gimen de permanencia,Hombres,0,10,2,0,,,5/1/2020
2019,Alajuela,Grado: QuÃ­mica,Grado,Incumple RÃ©gimen de permanencia,Mujeres,0,2,0,0,,,5/1/2020
2019,Alajuela,Grado: QuÃ­mica,Grado,Traslado a otra Universidad,Hombres,0,0,0,4,,,5/1/2020
2019,Alajuela,Grado: QuÃ­mica,Grado,Traslado a otra Universidad,Mujeres,0,0,0,8,,,5/1/2020
2019,Alajuela,Grado: Relaciones Laborales y Recursos Humanos,Grado,Abandono Voluntario,Hombres,0,28,13,0,,,5/1/2020
2019,Alajuela,Grado: Relaciones Laborales y Recursos Humanos,Grado,Abandono Voluntario,Mujeres,0,52,17,0,,,5/1/2020
2019,Alajuela,Grado: Relaciones Laborales y Recursos Humanos,Grado,Cambio de estudios sin simultaneidad,Hombres,0,1,1,0,,,5/1/2020
2019,Alajuela,Grado: Relaciones Laborales y Recursos Humanos,Grado,Cambio de estudios sin simultaneidad,Mujeres,0,4,3,0,,,5/1/2020
2019,Alajuela,Grado: Relaciones Laborales y Recursos Humanos,Grado,Graduado,Hombres,51,0,0,0,5.23,84.5,5/1/2020
2019,Alajuela,Grado: Relaciones Laborales y Recursos Humanos,Grado,Graduado,Mujeres,58,0,0,0,5.3,88.29,5/1/2020
2019,Alajuela,Grado: Relaciones Laborales y Recursos Humanos,Grado,Incumple RÃ©gimen de permanencia,Hombres,0,2,2,0,,,5/1/2020
2019,Alajuela,Grado: Relaciones Laborales y Recursos Humanos,Grado,Incumple RÃ©gimen de permanencia,Mujeres,0,2,2,0,,,5/1/2020
2019,Alajuela,Grado: Relaciones Laborales y Recursos Humanos,Grado,Traslado a otra Universidad,Mujeres,0,0,0,7,,,5/1/2020
2019,Alajuela,Grado: Terapia Ocupacional,Grado,Abandono Voluntario,Hombres,0,2,1,0,,,5/1/2020
2019,Alajuela,Grado: Terapia Ocupacional,Grado,Abandono Voluntario,Mujeres,0,8,5,0,,,5/1/2020
2019,Alajuela,Grado: Terapia Ocupacional,Grado,Cambio de estudios sin simultaneidad,Hombres,0,1,1,0,,,5/1/2020
2019,Alajuela,Grado: Terapia Ocupacional,Grado,Cambio de estudios sin simultaneidad,Mujeres,0,3,3,0,,,5/1/2020
2019,Alajuela,Grado: Terapia Ocupacional,Grado,Graduado,Hombres,14,0,0,0,4.17,92.95,5/1/2020
2019,Alajuela,Grado: Terapia Ocupacional,Grado,Graduado,Mujeres,55,0,0,0,4.2,93.42,5/1/2020
2019,Alajuela,Grado: Terapia Ocupacional,Grado,Incumple RÃ©gimen de permanencia,Hombres,0,2,2,0,,,5/1/2020
2019,Alajuela,Grado: Trabajo Social,Grado,Abandono Voluntario,Hombres,0,9,2,0,,,5/1/2020
2019,Alajuela,Grado: Trabajo Social,Grado,Abandono Voluntario,Mujeres,0,19,4,0,,,5/1/2020
2019,Alajuela,Grado: Trabajo Social,Grado,Cambio de estudios sin simultaneidad,Mujeres,0,3,2,0,,,5/1/2020
2019,Alajuela,Grado: Trabajo Social,Grado,Graduado,Hombres,22,0,0,0,4.73,90.42,5/1/2020
2019,Alajuela,Grado: Trabajo Social,Grado,Graduado,Mujeres,120,0,0,0,4.23,94.63,5/1/2020
2019,Alajuela,Grado: Trabajo Social,Grado,Traslado a otra Universidad,Mujeres,0,0,0,4,,,5/1/2020
2019,Alajuela,Grado: Turismo,Grado,Abandono Voluntario,Hombres,0,7,1,0,,,5/1/2020
2019,Alajuela,Grado: Turismo,Grado,Abandono Voluntario,Mujeres,0,10,2,0,,,5/1/2020
2019,Alajuela,Grado: Turismo,Grado,Cambio de estudios sin simultaneidad,Mujeres,0,1,1,0,,,5/1/2020
2019,Alajuela,Grado: Turismo,Grado,Graduado,Hombres,10,0,0,0,4.57,90.65,5/1/2020
2019,Alajuela,Grado: Turismo,Grado,Graduado,Mujeres,27,0,0,0,4.58,91.69,5/1/2020
2019,Alajuela,Grado: Turismo,Grado,Incumple RÃ©gimen de permanencia,Hombres,0,1,0,0,,,5/1/2020
2019,Alajuela,Grado: Turismo,Grado,Incumple RÃ©gimen de permanencia,Mujeres,0,2,1,0,,,5/1/2020
2019,Alajuela,Grado: Veterinaria,Grado,Abandono Voluntario,Hombres,0,4,0,0,,,5/1/2020
2019,Alajuela,Grado: Veterinaria,Grado,Abandono Voluntario,Mujeres,0,14,3,0,,,5/1/2020
2019,Alajuela,Grado: Veterinaria,Grado,Cambio de estudios sin simultaneidad,Mujeres,0,1,0,0,,,5/1/2020
2019,Alajuela,Grado: Veterinaria,Grado,Graduado,Hombres,36,0,0,0,5.44,90.32,5/1/2020
2019,Alajuela,Grado: Veterinaria,Grado,Graduado,Mujeres,95,0,0,0,5.36,90.24,5/1/2020
2019,Alajuela,Grado: Veterinaria,Grado,Traslado a otra Universidad,Hombres,0,0,0,2,,,5/1/2020
2019,Alajuela,Grado: Veterinaria,Grado,Traslado a otra Universidad,Mujeres,0,0,0,6,,,5/1/2020
2019,Alajuela,Historia,Licenciatura o equivalente,Abandono Voluntario,Hombres,0,1,0,0,,,5/1/2020
2019,Alajuela,Historia,Licenciatura o equivalente,Abandono Voluntario,Mujeres,0,1,0,0,,,5/1/2020
2019,Alajuela,Historia,Licenciatura o equivalente,Traslado a otra Universidad,Hombres,0,0,0,2,,,5/1/2020
2019,Alajuela,Historia del Arte,Licenciatura o equivalente,Abandono Voluntario,Hombres,0,1,0,0,,,5/1/2020
2019,Alajuela,Historia del Arte,Licenciatura o equivalente,Traslado a otra Universidad,Mujeres,0,0,0,1,,,5/1/2020
2019,Alajuela,Ingenierio QuÃ­mico,Licenciatura o equivalente,Abandono Voluntario,Hombres,0,2,0,0,,,5/1/2020
2019,Alajuela,Ingeniero en InformÃ¡tica,Licenciatura o equivalente,Abandono Voluntario,Hombres,0,3,0,0,,,5/1/2020
2019,Alajuela,Ingeniero en InformÃ¡tica,Licenciatura o equivalente,Abandono Voluntario,Mujeres,0,1,0,0,,,5/1/2020
2019,Alajuela,Ingeniero Industrial,Licenciatura o equivalente,Abandono Voluntario,Hombres,0,4,0,0,,,5/1/2020
2019,Alajuela,Ingeniero Industrial,Licenciatura o equivalente,Abandono Voluntario,Mujeres,0,1,0,0,,,5/1/2020
2019,Alajuela,Ingeniero Industrial,Licenciatura o equivalente,Traslado a otra Universidad,Mujeres,0,0,0,1,,,5/1/2020
2019,Alajuela,Ingeniero TÃ©cnico Industrial,Diplomatura o equivalente,Traslado a otra Universidad,Mujeres,0,0,0,1,,,5/1/2020
2019,Alajuela,Ingeniero TÃ©cnico Industrial,,,,,,,,,,
2019,Alajuela,Ingeniero TÃ©cnico Industrial,,,,,,,,,,
2019,Alajuela,Licenciado en AdministraciÃ³n y DirecciÃ³n de Empresas,Licenciatura o equivalente,Traslado a otra Universidad,Hombres,0,0,0,1,,,5/1/2020
2019,Alajuela,Licenciado en AdministraciÃ³n y DirecciÃ³n de Empresas,Licenciatura o equivalente,Traslado a otra Universidad,Mujeres,0,0,0,1,,,5/1/2020
2019,Alajuela,Licenciado en EconomÃ­a,Licenciatura o equivalente,Traslado a otra Universidad,Hombres,0,0,0,1,,,5/1/2020
2019,Alajuela,Licenciado en EconomÃ­a,Licenciatura o equivalente,Traslado a otra Universidad,Mujeres,0,0,0,1,,,5/1/2020
2019,Alajuela,Licenciado en MatemÃ¡ticas,Licenciatura o equivalente,Traslado a otra Universidad,Hombres,0,0,0,1,,,5/1/2020
2019,Alajuela,MÃ¡ster: AbogacÃ­a,MÃ¡ster,Abandono Voluntario,Mujeres,0,1,1,0,,,5/1/2020
2019,Alajuela,MÃ¡ster: AbogacÃ­a,MÃ¡ster,Graduado,Hombres,38,0,0,0,2,99.77,5/1/2020
2019,Alajuela,MÃ¡ster: AbogacÃ­a,MÃ¡ster,Graduado,Mujeres,56,0,0,0,1.98,100,5/1/2020
2019,Alajuela,MÃ¡ster: Aprendizaje a lo largo de la vida: IniciaciÃ³n a la investigaciÃ³n,MÃ¡ster,Abandono Voluntario,Hombres,0,2,1,0,,,5/1/2020
2019,Alajuela,MÃ¡ster: Aprendizaje a lo largo de la vida: IniciaciÃ³n a la investigaciÃ³n,MÃ¡ster,Abandono Voluntario,Mujeres,0,3,2,0,,,5/1/2020
2019,Alajuela,MÃ¡ster: Aprendizaje a lo largo de la vida: IniciaciÃ³n a la investigaciÃ³n,MÃ¡ster,Graduado,Hombres,6,0,0,0,1.4,91.14,5/1/2020
2019,Alajuela,MÃ¡ster: Aprendizaje a lo largo de la vida: IniciaciÃ³n a la investigaciÃ³n,MÃ¡ster,Graduado,Mujeres,10,0,0,0,1,96.77,5/1/2020
2019,Alajuela,MÃ¡ster: Arquitectura,MÃ¡ster,Abandono Voluntario,Hombres,0,1,1,0,,,5/1/2020
2019,Alajuela,MÃ¡ster: Arquitectura,MÃ¡ster,Graduado,Hombres,23,0,0,0,1.5,84.07,5/1/2020
2019,Alajuela,MÃ¡ster: Arquitectura,MÃ¡ster,Graduado,Mujeres,37,0,0,0,1.43,82.06,5/1/2020
2019,Alajuela,MÃ¡ster: AuditorÃ­a,MÃ¡ster,Abandono Voluntario,Hombres,0,2,2,0,,,5/1/2020
2019,Alajuela,MÃ¡ster: AuditorÃ­a,MÃ¡ster,Cambio de estudios sin simultaneidad,Mujeres,0,1,1,0,,,5/1/2020
2019,Alajuela,MÃ¡ster: AuditorÃ­a,MÃ¡ster,Graduado,Hombres,11,0,0,0,1,100,5/1/2020
2019,Alajuela,MÃ¡ster: AuditorÃ­a,MÃ¡ster,Graduado,Mujeres,12,0,0,0,1.18,98.36,5/1/2020
2019,Alajuela,MÃ¡ster: BiologÃ­a Molecular y Celular,MÃ¡ster,Abandono Voluntario,Mujeres,0,1,1,0,,,5/1/2020
2019,Alajuela,MÃ¡ster: BiologÃ­a Molecular y Celular,MÃ¡ster,Graduado,Hombres,4,0,0,0,1,100,5/1/2020
2019,Alajuela,MÃ¡ster: BiologÃ­a Molecular y Celular,MÃ¡ster,Graduado,Mujeres,13,0,0,0,1.38,96.32,5/1/2020
2019,Alajuela,MÃ¡ster: BiotecnologÃ­a Cuantitativa,MÃ¡ster,Graduado,Hombres,4,0,0,0,1,100,5/1/2020
2019,Alajuela,MÃ¡ster: BiotecnologÃ­a Cuantitativa,MÃ¡ster,Graduado,Mujeres,6,0,0,0,1,100,5/1/2020
2019,Alajuela,MÃ¡ster: Calidad,,,,,,,,,,
2019,Alajuela,MÃ¡ster: Calidad,,,,,,,,,,
2019,Alajuela,MÃ¡ster: Ciencias de la AntigÃ¼edad,MÃ¡ster,Abandono Voluntario,Hombres,0,2,0,0,,,5/1/2020
2019,Alajuela,MÃ¡ster: Cond. genÃ©ticos,,,,,,,,,,
2019,Alajuela,MÃ¡ster: Cond. genÃ©ticos,,,,,,,,,,
2019,Alajuela,MÃ¡ster: ConsultorÃ­a de InformaciÃ³n y ComunicaciÃ³n Digital,MÃ¡ster,Graduado,Mujeres,11,0,0,0,1.36,95.33,5/1/2020
2019,Alajuela,MÃ¡ster: Contabilidad y finanzas,MÃ¡ster,Abandono Voluntario,Hombres,0,1,1,0,,,5/1/2020
2019,Alajuela,MÃ¡ster: Contabilidad y finanzas,MÃ¡ster,Graduado,Hombres,5,0,0,0,1,100,5/1/2020
2019,Alajuela,MÃ¡ster: Contabilidad y finanzas,MÃ¡ster,Graduado,Mujeres,7,0,0,0,1,100,5/1/2020
2019,Alajuela,MÃ¡ster: DirecciÃ³n,,,,,,,,,,
2019,Alajuela,MÃ¡ster: DirecciÃ³n,,,,,,,,,,
2019,Alajuela,MÃ¡ster: EconomÃ­a,MÃ¡ster,Abandono Voluntario,Hombres,0,3,2,0,,,5/1/2020
2019,Alajuela,MÃ¡ster: EconomÃ­a,MÃ¡ster,Graduado,Hombres,5,0,0,0,1,100,5/1/2020
2019,Alajuela,MÃ¡ster: EconomÃ­a,MÃ¡ster,Graduado,Mujeres,2,0,0,0,1,100,5/1/2020
2019,Alajuela,MÃ¡ster: EnergÃ­as Renovables y Eficiencia EnergÃ©tica,MÃ¡ster,Abandono Voluntario,Hombres,0,3,0,0,,,5/1/2020
2019,Alajuela,MÃ¡ster: EnergÃ­as Renovables y Eficiencia EnergÃ©tica,MÃ¡ster,Graduado,Hombres,6,0,0,0,1.83,95.74,5/1/2020
2019,Alajuela,MÃ¡ster: EnergÃ­as Renovables y Eficiencia EnergÃ©tica,MÃ¡ster,Graduado,Mujeres,2,0,0,0,2,100,5/1/2020
2019,Alajuela,MÃ¡ster: EspecializaciÃ³n e InvestigaciÃ³n en Derecho,MÃ¡ster,Abandono Voluntario,Mujeres,0,3,0,0,,,5/1/2020
2019,Alajuela,MÃ¡ster: Estudios Avanzados de Literatura y Cine en Lengua Inglesa,MÃ¡ster,Abandono Voluntario,Mujeres,0,1,1,0,,,5/1/2020
2019,Alajuela,MÃ¡ster: Estudios Avanzados en Historia del Arte,MÃ¡ster,Abandono Voluntario,Hombres,0,1,1,0,,,5/1/2020
2019,Alajuela,MÃ¡ster: Estudios Avanzados en Historia del Arte,MÃ¡ster,Abandono Voluntario,Mujeres,0,2,1,0,,,5/1/2020
2019,Alajuela,MÃ¡ster: Estudios Avanzados en Historia del Arte,MÃ¡ster,Graduado,Hombres,1,0,0,0,2,83.67,5/1/2020
2019,Alajuela,MÃ¡ster: Estudios Avanzados en Historia del Arte,MÃ¡ster,Graduado,Mujeres,5,0,0,0,1,100,5/1/2020
2019,Alajuela,MÃ¡ster: Estudios Avanzados en Historia del Arte,MÃ¡ster,Incumple RÃ©gimen de permanencia,Hombres,0,1,1,0,,,5/1/2020
2019,Alajuela,MÃ¡ster: FÃ­sica y TecnologÃ­as FÃ­sicas,MÃ¡ster,Abandono Voluntario,Hombres,0,1,1,0,,,5/1/2020
2019,Alajuela,MÃ¡ster: FÃ­sica y TecnologÃ­as FÃ­sicas,MÃ¡ster,Graduado,Hombres,5,0,0,0,1,100,5/1/2020
2019,Alajuela,MÃ¡ster: FÃ­sica y TecnologÃ­as FÃ­sicas,MÃ¡ster,Graduado,Mujeres,5,0,0,0,1,100,5/1/2020
2019,Alajuela,MÃ¡ster: GeologÃ­a: TÃ©cnicas y Aplicaciones,MÃ¡ster,Graduado,Hombres,6,0,0,0,1,100,5/1/2020
2019,Alajuela,MÃ¡ster: GeologÃ­a: TÃ©cnicas y Aplicaciones,MÃ¡ster,Graduado,Mujeres,4,0,0,0,1.5,90.91,5/1/2020
2019,Alajuela,MÃ¡ster: GerontologÃ­a Social,MÃ¡ster,Abandono Voluntario,Hombres,0,1,1,0,,,5/1/2020
2019,Alajuela,MÃ¡ster: GerontologÃ­a Social,MÃ¡ster,Graduado,Hombres,7,0,0,0,1,100,5/1/2020
2019,Alajuela,MÃ¡ster: GerontologÃ­a Social,MÃ¡ster,Graduado,Mujeres,31,0,0,0,1.23,98.36,5/1/2020
2019,Alajuela,MÃ¡ster: GestiÃ³n Administrativa,MÃ¡ster,Graduado,Hombres,4,0,0,0,1,100,5/1/2020
2019,Alajuela,MÃ¡ster: GestiÃ³n Administrativa,MÃ¡ster,Graduado,Mujeres,11,0,0,0,1.09,99.1,5/1/2020
2019,Alajuela,MÃ¡ster: GestiÃ³n del Patrimonio Cultural,MÃ¡ster,Abandono Voluntario,Hombres,0,1,0,0,,,5/1/2020
2019,Alajuela,MÃ¡ster: GestiÃ³n del Patrimonio Cultural,MÃ¡ster,Abandono Voluntario,Mujeres,0,1,0,0,,,5/1/2020
2019,Alajuela,MÃ¡ster: GestiÃ³n del Patrimonio Cultural,MÃ¡ster,Graduado,Hombres,7,0,0,0,1,100,5/1/2020
2019,Alajuela,MÃ¡ster: GestiÃ³n del Patrimonio Cultural,MÃ¡ster,Graduado,Mujeres,15,0,0,0,1,100,5/1/2020
2019,Alajuela,MÃ¡ster: Historia ContemporÃ¡nea,MÃ¡ster,Graduado,Hombres,5,0,0,0,1,100,5/1/2020
2019,Alajuela,MÃ¡ster: Historia ContemporÃ¡nea,MÃ¡ster,Graduado,Mujeres,5,0,0,0,1,98.36,5/1/2020
2019,Alajuela,MÃ¡ster: IngenierÃ­a biomÃ©dica,MÃ¡ster,Abandono Voluntario,Hombres,0,6,0,0,,,5/1/2020
2019,Alajuela,MÃ¡ster: IngenierÃ­a biomÃ©dica,MÃ¡ster,Abandono Voluntario,Mujeres,0,2,0,0,,,5/1/2020
2019,Alajuela,MÃ¡ster: IngenierÃ­a biomÃ©dica,MÃ¡ster,Graduado,Hombres,11,0,0,0,1.9,97.3,5/1/2020
2019,Alajuela,MÃ¡ster: IngenierÃ­a biomÃ©dica,MÃ¡ster,Graduado,Mujeres,9,0,0,0,2,93.36,5/1/2020
2019,Alajuela,MÃ¡ster: IngenierÃ­a de DiseÃ±o de Producto,MÃ¡ster,Graduado,Hombres,5,0,0,0,1.25,95.24,5/1/2020
2019,Alajuela,MÃ¡ster: IngenierÃ­a de DiseÃ±o de Producto,MÃ¡ster,Graduado,Mujeres,6,0,0,0,1.17,96.81,5/1/2020
2019,Alajuela,MÃ¡ster: IngenierÃ­a de sistemas e informÃ¡tica,MÃ¡ster,Abandono Voluntario,Mujeres,0,1,0,0,,,5/1/2020
2019,Alajuela,MÃ¡ster: IngenierÃ­a de TelecomunicaciÃ³n,MÃ¡ster,Graduado,Hombres,8,0,0,0,2,98.46,5/1/2020
2019,Alajuela,MÃ¡ster: IngenierÃ­a de TelecomunicaciÃ³n,MÃ¡ster,Graduado,Mujeres,1,0,0,0,2,96,5/1/2020
2019,Alajuela,MÃ¡ster: IngenierÃ­a ElectrÃ³nica,MÃ¡ster,Abandono Voluntario,Hombres,0,2,2,0,,,5/1/2020
2019,Alajuela,MÃ¡ster: IngenierÃ­a ElectrÃ³nica,MÃ¡ster,Abandono Voluntario,Mujeres,0,1,0,0,,,5/1/2020
2019,Alajuela,MÃ¡ster: IngenierÃ­a ElectrÃ³nica,MÃ¡ster,Graduado,Hombres,11,0,0,0,1.33,93.77,5/1/2020
2019,Alajuela,MÃ¡ster: IngenierÃ­a Industrial,MÃ¡ster,Abandono Voluntario,Hombres,0,2,1,0,,,5/1/2020
2019,Alajuela,MÃ¡ster: IngenierÃ­a Industrial,MÃ¡ster,Graduado,Hombres,60,0,0,0,2.26,95.24,5/1/2020
2019,Alajuela,MÃ¡ster: IngenierÃ­a Industrial,MÃ¡ster,Graduado,Mujeres,10,0,0,0,2.12,94.67,5/1/2020
2019,Alajuela,MÃ¡ster: IngenierÃ­a InformÃ¡tica,MÃ¡ster,Abandono Voluntario,Hombres,0,1,0,0,,,5/1/2020
2019,Alajuela,MÃ¡ster: IngenierÃ­a InformÃ¡tica,MÃ¡ster,Graduado,Hombres,6,0,0,0,2.2,97.25,5/1/2020
2019,Alajuela,MÃ¡ster: IngenierÃ­a MecÃ¡nica,MÃ¡ster,Abandono Voluntario,Hombres,0,3,3,0,,,5/1/2020
2019,Alajuela,MÃ¡ster: IngenierÃ­a MecÃ¡nica,MÃ¡ster,Graduado,Hombres,10,0,0,0,1.4,89.14,5/1/2020
2019,Alajuela,MÃ¡ster: IngenierÃ­a MecÃ¡nica,MÃ¡ster,Graduado,Mujeres,1,0,0,0,1,100,5/1/2020
2019,Alajuela,MÃ¡ster: IngenierÃ­a QuÃ­mica,MÃ¡ster,Cambio de estudios sin simultaneidad,Hombres,0,1,1,0,,,5/1/2020
2019,Alajuela,MÃ¡ster: IngenierÃ­a QuÃ­mica,MÃ¡ster,Graduado,Hombres,4,0,0,0,2,100,5/1/2020
2019,Alajuela,MÃ¡ster: IngenierÃ­a QuÃ­mica,MÃ¡ster,Graduado,Mujeres,8,0,0,0,2,99.17,5/1/2020
2019,Alajuela,MÃ¡ster: IniciaciÃ³n a la InvestigaciÃ³n en Ciencias de la EnfermerÃ­a,MÃ¡ster,Graduado,Hombres,1,0,0,0,2,83.33,5/1/2020
2019,Alajuela,MÃ¡ster: IniciaciÃ³n a la InvestigaciÃ³n en Ciencias de la EnfermerÃ­a,MÃ¡ster,Graduado,Mujeres,14,0,0,0,1.07,98.59,5/1/2020
2019,Alajuela,MÃ¡ster: IniciaciÃ³n a la investigaciÃ³n en Medicina,MÃ¡ster,Abandono Voluntario,Hombres,0,1,1,0,,,5/1/2020
2019,Alajuela,MÃ¡ster: IniciaciÃ³n a la investigaciÃ³n en Medicina,MÃ¡ster,Abandono Voluntario,Mujeres,0,1,1,0,,,5/1/2020
2019,Alajuela,MÃ¡ster: IniciaciÃ³n a la investigaciÃ³n en Medicina,MÃ¡ster,Graduado,Hombres,22,0,0,0,1.17,96.21,5/1/2020
2019,Alajuela,MÃ¡ster: IniciaciÃ³n a la investigaciÃ³n en Medicina,MÃ¡ster,Graduado,Mujeres,45,0,0,0,1.05,98.15,5/1/2020
2019,Alajuela,MÃ¡ster: InvestigaciÃ³n en FilosofÃ­a,MÃ¡ster,Graduado,Hombres,5,0,0,0,1,100,5/1/2020
2019,Alajuela,MÃ¡ster: InvestigaciÃ³n en FilosofÃ­a,MÃ¡ster,Graduado,Mujeres,1,0,0,0,1,100,5/1/2020
2019,Alajuela,MÃ¡ster: InvestigaciÃ³n y Estudios Avanzados en Historia,MÃ¡ster,Abandono Voluntario,Hombres,0,1,1,0,,,5/1/2020
2019,Alajuela,MÃ¡ster: InvestigaciÃ³n y Estudios Avanzados en Historia,MÃ¡ster,Graduado,Hombres,4,0,0,0,1.25,95.24,5/1/2020
2019,Alajuela,MÃ¡ster: InvestigaciÃ³n y Estudios Avanzados en Historia,MÃ¡ster,Graduado,Mujeres,2,0,0,0,1,100,5/1/2020
2019,Alajuela,MÃ¡ster: Literaturas HispÃ¡nicas y Lengua EspaÃ±ola: TradiciÃ³n e Identidades,MÃ¡ster,Abandono Voluntario,Mujeres,0,1,1,0,,,5/1/2020
2019,Alajuela,MÃ¡ster: Literaturas HispÃ¡nicas y Lengua EspaÃ±ola: TradiciÃ³n e Identidades,MÃ¡ster,Graduado,Hombres,1,0,0,0,1,100,5/1/2020
2019,Alajuela,MÃ¡ster: Literaturas HispÃ¡nicas y Lengua EspaÃ±ola: TradiciÃ³n e Identidades,MÃ¡ster,Graduado,Mujeres,6,0,0,0,1,93.75,5/1/2020
2019,Alajuela,MÃ¡ster: Materiales nanoestructurados para aplicaciones nanotecnolÃ³gicas,MÃ¡ster,Abandono Voluntario,Hombres,0,1,0,0,,,5/1/2020
2019,Alajuela,MÃ¡ster: Materiales nanoestructurados para aplicaciones nanotecnolÃ³gicas,MÃ¡ster,Graduado,Hombres,8,0,0,0,1,100,5/1/2020
2019,Alajuela,MÃ¡ster: Materiales nanoestructurados para aplicaciones nanotecnolÃ³gicas,MÃ¡ster,Graduado,Mujeres,5,0,0,0,1,100,5/1/2020
2019,Alajuela,MÃ¡ster: ModelizaciÃ³n e InvestigaciÃ³n MatemÃ¡tica,,,,,,,,,,
2019,Alajuela,MÃ¡ster: ModelizaciÃ³n e InvestigaciÃ³n MatemÃ¡tica,,,,,,,,,,
2019,Alajuela,MÃ¡ster: Mundo Antiguo y Patrimonio ArqueolÃ³gico,MÃ¡ster,Graduado,Hombres,7,0,0,0,1,100,5/1/2020
2019,Alajuela,MÃ¡ster: Mundo Antiguo y Patrimonio ArqueolÃ³gico,MÃ¡ster,Graduado,Mujeres,5,0,0,0,1,100,5/1/2020
2019,Alajuela,MÃ¡ster: NanotecnologÃ­a Medioambiental,MÃ¡ster,Abandono Voluntario,Hombres,0,2,2,0,,,5/1/2020
2019,Alajuela,MÃ¡ster: NanotecnologÃ­a Medioambiental,MÃ¡ster,Graduado,Hombres,1,0,0,0,2,83.33,5/1/2020
2019,Alajuela,MÃ¡ster: NutriciÃ³n animal,MÃ¡ster,Abandono Voluntario,Hombres,0,1,1,0,,,5/1/2020
2019,Alajuela,MÃ¡ster: OrdenaciÃ³n Territorial y Medioambiental,MÃ¡ster,Abandono Voluntario,Hombres,0,1,1,0,,,5/1/2020
2019,Alajuela,MÃ¡ster: OrdenaciÃ³n Territorial y Medioambiental,MÃ¡ster,Graduado,Hombres,8,0,0,0,1,100,5/1/2020
2019,Alajuela,MÃ¡ster: OrdenaciÃ³n Territorial y Medioambiental,MÃ¡ster,Graduado,Mujeres,5,0,0,0,1,100,5/1/2020
2019,Alajuela,MÃ¡ster: PrevenciÃ³n de riesgos laborales,MÃ¡ster,Abandono Voluntario,Hombres,0,2,2,0,,,5/1/2020
2019,Alajuela,MÃ¡ster: PrevenciÃ³n de riesgos laborales,MÃ¡ster,Graduado,Hombres,11,0,0,0,1.09,98.53,5/1/2020
2019,Alajuela,MÃ¡ster: PrevenciÃ³n de riesgos laborales,MÃ¡ster,Graduado,Mujeres,11,0,0,0,1.3,98.48,5/1/2020
2019,Alajuela,MÃ¡ster: Profesorado E.S.O.,,,,,,,,,,
2019,Alajuela,MÃ¡ster: Profesorado E.S.O.,,,,,,,,,,
2019,Alajuela,MÃ¡ster: Profesorado E.S.O.,,,,,,,,,,
2019,Alajuela,MÃ¡ster: Profesorado E.S.O.,,,,,,,,,,
2019,Alajuela,MÃ¡ster: Profesorado E.S.O.,,,,,,,,,,
2019,Alajuela,MÃ¡ster: Profesorado E.S.O.,,,,,,,,,,
2019,Alajuela,MÃ¡ster: QuÃ­mica Industrial,MÃ¡ster,Graduado,Hombres,14,0,0,0,1.08,98.94,5/1/2020
2019,Alajuela,MÃ¡ster: QuÃ­mica Industrial,MÃ¡ster,Graduado,Mujeres,7,0,0,0,1,100,5/1/2020
2019,Alajuela,MÃ¡ster: QuÃ­mica Molecular y CatÃ¡lisis HomogÃ©nea,MÃ¡ster,Graduado,Hombres,9,0,0,0,1,100,5/1/2020
2019,Alajuela,MÃ¡ster: QuÃ­mica Molecular y CatÃ¡lisis HomogÃ©nea,MÃ¡ster,Graduado,Mujeres,7,0,0,0,1,100,5/1/2020
2019,Alajuela,MÃ¡ster: Relaciones de GÃ©nero,MÃ¡ster,Abandono Voluntario,Hombres,0,2,0,0,,,5/1/2020
2019,Alajuela,MÃ¡ster: Relaciones de GÃ©nero,MÃ¡ster,Abandono Voluntario,Mujeres,0,2,2,0,,,5/1/2020
2019,Alajuela,MÃ¡ster: Relaciones de GÃ©nero,MÃ¡ster,Graduado,Hombres,1,0,0,0,1,100,5/1/2020
2019,Alajuela,MÃ¡ster: Relaciones de GÃ©nero,MÃ¡ster,Graduado,Mujeres,18,0,0,0,1.11,97.83,5/1/2020
2019,Alajuela,MÃ¡ster: Salud pÃºblica,MÃ¡ster,Abandono Voluntario,Hombres,0,2,2,0,,,5/1/2020
2019,Alajuela,MÃ¡ster: Salud pÃºblica,MÃ¡ster,Abandono Voluntario,Mujeres,0,3,1,0,,,5/1/2020
2019,Alajuela,MÃ¡ster: Salud pÃºblica,MÃ¡ster,Graduado,Hombres,6,0,0,0,1,100,5/1/2020
2019,Alajuela,MÃ¡ster: Salud pÃºblica,MÃ¡ster,Graduado,Mujeres,15,0,0,0,1.27,96.98,5/1/2020
2019,Alajuela,MÃ¡ster: Sistemas MecÃ¡nicos,MÃ¡ster,Abandono Voluntario,Hombres,0,1,0,0,,,5/1/2020
2019,Alajuela,MÃ¡ster: SociologÃ­a de las PolÃ­ticas PÃºblicas y Sociales,MÃ¡ster,Abandono Voluntario,Mujeres,0,1,0,0,,,5/1/2020
2019,Alajuela,MÃ¡ster: SociologÃ­a de las PolÃ­ticas PÃºblicas y Sociales,MÃ¡ster,Graduado,Hombres,6,0,0,0,1,100,5/1/2020
2019,Alajuela,MÃ¡ster: SociologÃ­a de las PolÃ­ticas PÃºblicas y Sociales,MÃ¡ster,Graduado,Mujeres,8,0,0,0,1.12,97.56,5/1/2020
2019,Alajuela,MÃ¡ster: Tec.InformaciÃ³n GeogrÃ¡fica para OrdenaciÃ³n Territorio: Sig/Teled,MÃ¡ster,Abandono Voluntario,Hombres,0,3,2,0,,,5/1/2020
2017,Alajuela,MÃ¡ster: Tec.InformaciÃ³n GeogrÃ¡fica para OrdenaciÃ³n Territorio: Sig/Teled,MÃ¡ster,Graduado,Hombres,12,0,0,0,1.09,98.36,5/1/2020
2017,Alajuela,MÃ¡ster: Tec.InformaciÃ³n GeogrÃ¡fica para OrdenaciÃ³n Territorio: Sig/Teled,MÃ¡ster,Graduado,Mujeres,7,0,0,0,1.17,97.24,5/1/2020
2017,Alajuela,MÃ¡ster: TraducciÃ³n de textos especializados,MÃ¡ster,Graduado,Mujeres,1,0,0,0,,90.91,5/1/2020
2017,Alajuela,MÃ¡ster: UniÃ³n Europea,MÃ¡ster,Abandono Voluntario,Hombres,0,1,1,0,,,5/1/2020
2017,Alajuela,MÃ¡ster: UniÃ³n Europea,MÃ¡ster,Graduado,Hombres,1,0,0,0,3,71.43,5/1/2020
2017,Alajuela,QuÃ­micas,Licenciatura o equivalente,Abandono Voluntario,Mujeres,0,1,0,0,,,5/1/2020
2017,Alajuela,QuÃ­micas,Licenciatura o equivalente,Traslado a otra Universidad,Hombres,0,0,0,2,,,5/1/2020
2017,Alajuela,Relaciones Laborales,Diplomatura o equivalente,Traslado a otra Universidad,Hombres,0,0,0,1,,,5/1/2020
2017,Alajuela,Trabajo Social,Diplomatura o equivalente,Traslado a otra Universidad,Hombres,0,0,0,1,,,5/1/2020
2017,Alajuela,Veterinaria,Licenciatura o equivalente,Abandono Voluntario,Hombres,0,1,0,0,,,5/1/2020
2017,Alajuela,Veterinaria,Licenciatura o equivalente,Abandono Voluntario,Mujeres,0,1,0,0,,,5/1/2020
